,No,IP,EA,BG,smiles
0,C81.8,4.8920859000000005,3.3846519,1.5074340000000002,c12c(cc3c(c1)c1c(cc3)cccc1)c(c1c(c2)cc2c(c1)cc1c(c2)cc2c(c1)cccc2)C#N
1,C853,4.8711342,2.8537848,2.0173494000000005,c1cc2c(cc1)cc1cc3cc4c(ccc5c4c4c(c6ccccc6cc4cc5)C#N)cc3cc1c2
2,C7188,6.0044307,2.2048263,3.7996044,c1cc2c(cc1)c1c(cc2)c2c(cc1)c1c(c3cc(ccc23)C#N)c2c(cccc2)cc1
3,C876,5.412069,2.5909362,2.8211328,c1cc2cc3c(cc2cc1)c1c(c2c(cc1cc3)c1cc3cc4c(cccc4)cc3cc1cc2)C#N
4,C81.12,4.8183468,3.2869680000000003,1.5313787999999997,c12c(cc3c(c1)c1c(cc3)cccc1)cc1c(c2)cc2c(c1)cc1c(c2)cc2c(c1)c(ccc2)C#N
5,C736,5.159016,2.9696994,2.1893166,c1cc2c(cc1)cc1cc3cc4c(c(cc5c4ccc4c5cccc4)C#N)cc3cc1c2
6,C71.4,4.9696344,3.0782673,1.8913671,c12c(cc3c(c1)c1c(cc3)c(ccc1)C#N)cc1c(c2)cc2c(c1)cc1c(c2)cccc1
7,C823,5.010721500000001,3.1305105,1.8802110000000003,c1cc2cc3c(cc2cc1)cc1cc2c(c4c(ccc5c4cc4ccccc4c5)cc2cc1c3)C#N
8,C7146,5.6458029000000005,2.6899806,2.9558223000000003,c1cc2cc3c4ccccc4c4c5cc6c(cccc6)c(c5ccc4c3cc2cc1)C#N
9,C798,5.420776200000001,2.8306563,2.5901199000000004,c1cc2c(cc1)cc1cc3c(cc(c4c3c3ccccc3c3c4cccc3)C#N)cc1c2
10,C743,5.3892126000000005,2.9367753,2.4524373000000006,c1cc2cc3c(cc2cc1)c1c(cc3)c2c(c3cc4ccccc4cc3cc2cc1)C#N
11,C857,5.1092217,3.0350034,2.0742183,c1cc2c(cc1)cc1cc3cc4c(c(cc5c4c4cc6ccccc6cc4cc5)C#N)cc3cc1c2
12,C882,5.5307046,2.6981436,2.832561,c1cc2cc3c(c(c2cc1)C#N)c1c(cc3)c2c(cc1)cc1c(ccc3c1ccc1c3cccc1)c2
13,C8114,5.6232186,2.7084834,2.9147352000000004,c1cc2c(cc1)c1c(cc2)c2cc3cc4c5ccccc5c5ccccc5c4cc3cc2cc1C#N
14,C722,5.338602000000001,3.0540504000000004,2.2845516000000003,c1cc2cc3c(cc2cc1)c1cc2cc4c(c5ccccc5cc4cc2cc1cc3)C#N
15,C7137,5.583764100000001,2.5049526,3.0788115,c1cc2c(cc1)cc1c(ccc3c1ccc1c3cc3c(c(cc4ccccc34)C#N)c1)c2
16,C747,5.3951988,2.848887,2.5463118,c1cc2cc3c(cc2cc1)c1c(cc3)c2cc3cc4ccccc4cc3cc2c(c1)C#N
17,C771,5.5339698,2.8246701,2.7092997000000003,c1cc2c(cc1C#N)cc1cc3c(ccc4c3ccc3c4c4c(cccc4)cc3)cc1c2
18,C7144,5.553561,2.6785524,2.8750086,c1cc2cc3c4ccccc4c4c5c(c6c(cccc6)cc5ccc4c3cc2cc1)C#N
19,C793,5.4199599,2.8790901,2.5408698000000003,c1cc2c(cc1)cc1c(c3c(ccc4c3c3ccccc3c3c4cccc3)cc1c2)C#N
20,C8118,5.531793,2.5441350000000003,2.987658,c1cc2c(cc1)c1c(cc2)c2cc3cc4c5cc(ccc5c5ccccc5c4cc3cc2cc1)C#N
21,C8146,5.232483,2.8154187000000004,2.4170643,c1cc2cc3c(c4c(cc3cc2cc1)c1cc2cc3cc5c(cccc5)cc3cc2cc1cc4)C#N
22,C8145,5.1949332,2.7759642,2.418969,c1cc2cc3cc4c(cc3cc2cc1C#N)c1cc2cc3cc5c(cccc5)cc3cc2cc1cc4
23,C8155,5.097521400000001,3.1177218,1.9797996,c1cc2c(cc1)c1cc3cc4cc5cc6c(cc5cc4cc3cc1cc2)c1c(cccc1)c(c6)C#N
24,C7124,5.5448538,2.7122928,2.832561,c1cc2c(cc1)c1c(cc2)cc2cc3c(cc4c(ccc5c4cccc5)c3cc2c1)C#N
25,C7135,5.5913829,2.497878,3.0935049,c1cc2c(cc1)cc1c(ccc3c1c(cc1c3cc3c(ccc4ccccc34)c1)C#N)c2
26,C7195,6.1045635,2.3523045,3.752259,c1cc2c(cc1)c1c(c3c2cccc3)c2c(c(c1)C#N)c1c(cccc1)c1c2cccc1
27,C7131,5.5467585,2.6371932000000005,2.9095653,c1cc2c(cc1)cc1c(ccc3c1ccc1c3c(c3c(ccc4ccccc34)c1)C#N)c2
28,C894,5.1356154,3.2630232,1.8725922,c1cc2c(cc1)cc1cc3cc4cc5c(cc4cc3c(c1c2)C#N)c1c(cccc1)c1c5cccc1
29,C724,5.2077219,2.8211328,2.3865891,c1cc2cc3c(cc2cc1C#N)c1cc2cc4cc5ccccc5cc4cc2cc1cc3
30,C8117,5.5200927,2.5030479000000003,3.0170448,c1cc2c(cc1)c1c(cc2)c2cc3cc4c5ccccc5c5c(cccc5c4cc3cc2cc1)C#N
31,C773,5.4980526,2.8540569,2.6439957,c1cc2c(cc1)cc1c(c3c(ccc4c3ccc3c4c4c(cccc4)cc3)cc1c2)C#N
32,C8158,5.1500367,3.21078,1.9392567,c1cc2c(cc1)c1cc3cc4c(c5cc6c(cc5cc4cc3cc1cc2)c1c(cccc1)cc6)C#N
33,C842,5.191123800000001,3.1381293,2.0529945,c1cc2cc3c(cc2cc1)c1c(cc3)c2cc3cc4c(c5ccccc5cc4cc3cc2cc1)C#N
34,C7142,5.5339698,2.5650867,2.9688831,c1cc2c(c3c4ccccc4c4c5cc6c(cccc6)cc5ccc4c3cc2cc1)C#N
35,C71.6,4.9533084,3.0834372,1.8698712,c12c(cc3c(c1)c1c(cc3C#N)cccc1)cc1c(c2)cc2c(c1)cc1c(c2)cccc1
36,C81.17,4.9111329,3.4047873,1.5063456000000006,c12c(cc3c(c1)c1c(cc3)cccc1)cc1c(c2)cc2c(c1)cc1c(c2C#N)cc2c(c1)cccc2
37,C862,5.0667741,2.9479314000000003,2.1188427,c1ccc2cc3cc4c(ccc5c4c4c(c6cc7ccccc7cc6cc4cc5)C#N)cc3cc2c1
38,C8125,5.920896,2.315571,3.605325,c1cc2c(cc1)c1c(cc2)c2c(cc1)c1c(cc2C#N)c2c(cc1)c1c(cc2)c2c(cccc2)cc1
39,C7111,5.7347796,2.5261764,3.2086032,c1cc2c(cc1)cc1c(ccc3c1ccc1c3ccc3cc4ccc(cc4cc13)C#N)c2
40,C7147,5.6392725,2.6567844000000003,2.9824881,c1cc2cc3c4ccccc4c4c5cc6c(cccc6)cc5c(cc4c3cc2cc1)C#N
41,C792,5.4289392,2.9082048,2.5207344000000003,c1cc2c(cc1)c(c1cc3c(ccc4c3c3ccccc3c3c4cccc3)cc1c2)C#N
42,C8143,5.2613256,2.9569107000000003,2.3044149000000003,c1cc2cc3cc4c(cc3cc2cc1)c1c(c2cc3cc5c(cccc5)cc3cc2cc1cc4)C#N
43,C835,4.9274589,3.104661,1.8227979000000003,c1cc2c(cc1)cc1cc3cc4cc5c(ccc6c5ccc5c6ccc(c5)C#N)cc4cc3cc1c2
44,C875,5.396559300000001,2.6401863000000003,2.756373,c1(cc2cc3c(cc2cc1)c1cc2c(cc1cc3)c1cc3cc4c(cccc4)cc3cc1cc2)C#N
45,C8105,5.6917878,2.4034593,3.2883285,c1cc2c(cc1)c1c(cc3cc4c(cc3c1)c1c(cccc1)c1c4cccc1)c1cccc(c21)C#N
46,C71.15,5.0607879,3.2404389,1.820349,c12c(cc3c(c1)c1c(cc3)cccc1)cc1c(c2)cc2c(c1)cc1c(c2C#N)cccc1
47,C7167,5.8939581,2.4554304,3.4385276999999994,c1cc2c(cc1)c1cc3c(cc1cc2)c1cc2c(cc1c(c3)C#N)c1c(cccc1)cc2
48,C7102,5.6074368,2.5814127,3.0260241000000008,c1cc2cc3c(c(c2cc1)C#N)c1cc2c(cc1cc3)c1cc3c(cccc3)cc1cc2
49,C7113,5.7127395000000005,2.4361113,3.2766282,c1cc2c(cc1)cc1c(ccc3c1cc(c1c3ccc3cc4ccccc4cc13)C#N)c2
50,C766,5.4776451,2.5678077,2.9098374,c1cc2c(cc1)cc1cc3c(ccc4c3cc3ccc5c(cccc5)c3c4C#N)cc1c2
51,C843,5.066502,2.9384079,2.1280941,c1cc2c(c3c(cc2cc1)c1c(cc3)c2cc3cc4cc5ccccc5cc4cc3cc2cc1)C#N
52,C7133,5.686617900000001,2.6793687,3.0072492000000004,c1cc2c(cc1)cc1c(ccc3c1ccc1c3cc3c(ccc4ccccc34)c1)c2C#N
53,C783,5.5007736000000005,2.5411419,2.9596317,c1cc2cc3c(c(c2cc1)C#N)c1cc2cc4c(ccc5ccccc45)cc2cc1cc3
54,C851,5.169355800000001,3.0910560000000005,2.0782998000000004,c1cc2c(cc1C#N)cc1cc3cc4c(ccc5c4c4cc6ccccc6cc4cc5)cc3cc1c2
55,C827,4.9601109,3.0292893,1.9308216,c1cc2cc3c(cc2cc1)cc1cc2cc4c(c(cc5c4cc4ccccc4c5)C#N)cc2cc1c3
56,C864,5.2354761000000005,2.9884743,2.2470018,c1ccc2cc3cc4c(c(cc5c4c4cc6cc7ccccc7cc6cc4cc5)C#N)cc3cc2c1
57,C7148,5.5652613,2.5857663,2.979495,c1cc2cc3c4ccccc4c4c5cc6c(cccc6)cc5cc(c4c3cc2cc1)C#N
58,C81.4,4.788959999999999,3.2260176,1.5629423999999998,c12c(cc3c(c1)c1c(cc3)c(ccc1)C#N)cc1c(c2)cc2c(c1)cc1c(c2)cc2c(c1)cccc2
59,C772,5.5225416,2.8907904,2.6317512,c1cc2c(cc1)c(c1cc3c(ccc4c3ccc3c4c4c(cccc4)cc3)cc1c2)C#N
60,C8121,5.876271600000001,2.2010169000000004,3.675254700000001,c1cc2c(cc1)c1c(cc2)c2c(cc1)c1c(cc2)c2c(cc1)c1c(cc2)c2c(ccc(c2)C#N)cc1
61,C755,5.349486,2.9313333000000004,2.4181527,c1cc2c(cc1)c1cc3cc4cc5c(cc(c6ccccc56)C#N)cc4cc3cc1cc2
62,C81.7,4.8295029000000005,3.3139059,1.5155970000000003,c12c(c(c3c(c1)c1c(cc3)cccc1)C#N)cc1c(c2)cc2c(c1)cc1c(c2)cc2c(c1)cccc2
63,C7139,5.5745127,2.4494442000000003,3.1250685,c1cc2c(cc1)cc1c(ccc3c1ccc1c3cc3c(ccc4ccc(cc34)C#N)c1)c2
64,C745,5.340778800000001,2.7751479,2.5656309000000004,c1(cc2cc3c(cc2cc1)c1c(cc3)c2cc3cc4ccccc4cc3cc2cc1)C#N
65,C756,5.27874,2.8483428,2.4303972000000003,c1cc2c(cc1)c1cc3cc4cc5c(c(cc6ccccc56)C#N)cc4cc3cc1cc2
66,C8138,5.4917943000000005,2.5893036,2.9024907000000004,c1cc2cc3cc4c5cc(ccc5c5c(ccc6c5c5c(cccc5)cc6)c4cc3cc2cc1)C#N
67,C8151,5.1459552,3.2075148,1.9384404000000004,c1cc2c(cc1)c1cc3cc4cc5cc6c(cc5c(c4cc3cc1cc2)C#N)c1c(cccc1)cc6
68,C834,4.8863718,3.0564993,1.8298725,c1cc2c(cc1)cc1cc3cc4cc5c(ccc6c5ccc5c6cccc5C#N)cc4cc3cc1c2
69,C8101,5.7785877,2.66658,3.1120077,c1cc2c(cc1)c1c(cc3cc4c(cc3c1C#N)c1c(cccc1)c1c4cccc1)c1ccccc21
70,C71310,5.6112462,2.4703959,3.1408503,c1cc2c(cc1)cc1c(ccc3c1ccc1c3cc3c(ccc4cc(ccc34)C#N)c1)c2
71,C71.13,5.0697672,3.2113242,1.8584430000000003,c1cc2c(cc1C#N)cc1cc3cc4cc5c(ccc6c5cccc6)cc4cc3cc1c2
72,C8103,5.708385900000001,2.4548862,3.2534997000000003,c1cc2c(cc1)c1c(cc3cc4c(cc3c1)c1c(cccc1)c1c4cccc1)c1cc(ccc21)C#N
73,C852,5.139969000000001,3.1226196,2.0173494000000005,c1cc2c(cc1)c(c1cc3cc4c(ccc5c4c4cc6ccccc6cc4cc5)cc3cc1c2)C#N
74,C854,5.068950900000001,2.9601759,2.1087750000000005,c1cc2c(cc1)cc1cc3cc4c(ccc5c4c4cc6ccc(cc6cc4cc5)C#N)cc3cc1c2
75,C887,5.5157391,2.5770591,2.93868,c1cc2cc3c(cc2cc1)c1c(cc3)c2c(cc1)cc1c(c(cc3c1ccc1c3cccc1)C#N)c2
76,C71.8,5.090991,3.2700978,1.8208932,c12c(cc3c(c1)c1c(cc3)cccc1)c(c1c(c2)cc2c(c1)cc1c(c2)cccc1)C#N
77,C795,5.3633631,2.7117486,2.6516145000000004,c1cc2c(cc1)cc1cc3c(ccc4c3c3ccc(cc3c3c4cccc3)C#N)cc1c2
78,C8135,5.4371022,2.5139319,2.9231703,c1cc2cc3cc4c5ccccc5c5c(ccc6c5c5c(c(ccc5)C#N)cc6)c4cc3cc2cc1
79,C865,5.2060893,3.0061608,2.1999285000000004,c1ccc2cc3cc4c(ccc5c4c4cc6cc7ccccc7c(c6cc4cc5)C#N)cc3cc2c1
80,C7194,6.083067600000001,2.114217,3.9688506,c1cc2c(cc1C#N)c1c(c3c2cccc3)c2c(cc1)c1c(cccc1)c1c2cccc1
81,C7177,5.9744997,2.3180199,3.6564798,c1cc2c(cc1)c1c(cc2)c2c(cc1)c1c(cc2)c2c(cc1)c1c(cccc1)c(c2)C#N
82,C728,5.2077219,2.8453497,2.3623722000000003,c1cc2cc3c(cc2cc1)c1cc2cc4cc5ccccc5cc4cc2cc1c(c3)C#N
83,C785,5.693420400000001,2.6437236,3.0496968000000004,c1cc2cc3c(cc2cc1)c1cc2cc4c(ccc5ccccc45)cc2cc1cc3C#N
84,C81.15,4.8175305,3.2858796000000003,1.5316509000000005,c12c(cc3c(c1)c1c(cc3)cccc1)cc1c(c2)cc2c(c1)cc1c(c2)cc2c(c1)cccc2C#N
85,C8141,5.357649,2.9884743,2.3691747,c1cc2cc3cc4c(cc3cc2cc1)c1cc2cc3cc5c(ccc(c5)C#N)cc3cc2cc1cc4
86,C7145,5.637912,2.6097111,3.0282009000000003,c1cc2cc3c4ccccc4c4c5cc6c(ccc(c6)C#N)cc5ccc4c3cc2cc1
87,C789,5.6436261000000005,2.5944735000000003,3.0491526,c1cc2cc3c(cc2cc1)c1cc2cc4c(c(cc5ccccc45)C#N)cc2cc1cc3
88,C7105,5.7391332,2.5329789000000003,3.2061543,c1cc2cc3c(cc2cc1)c1cc2c(cc1cc3C#N)c1cc3c(cccc3)cc1cc2
89,C826,5.0436456000000005,3.1343199,1.9093257,c1cc2cc3c(cc2cc1)cc1cc2cc4c(cc(c5c4cc4ccccc4c5)C#N)cc2cc1c3
90,C71.18,5.0090889,3.1792164,1.8298725,c1cc2c(cc1)cc1cc3cc4c(c5c(ccc6c5cccc6)cc4cc3cc1c2)C#N
91,C751,5.3805054000000005,3.0203100000000003,2.3601954,c1cc2c(cc1)c1cc3c(c4cc5c(ccc6ccccc56)cc4cc3cc1cc2)C#N
92,C763,5.3742471,2.5199181,2.854329,c1cc2c(cc1)cc1cc3c(ccc4c3c(c3ccc5c(cccc5)c3c4)C#N)cc1c2
93,C893,5.0300406,3.1261569,1.9038837,c1cc2c(cc1)cc1cc3cc4cc5c(c(c4cc3cc1c2)C#N)c1c(cccc1)c1c5cccc1
94,C7141,5.570431200000001,2.5299858,3.0404454000000007,c1cc2cc3c4ccccc4c4c5cc6c(cccc6)cc5ccc4c3cc2cc1C#N
95,C885,5.539411800000001,2.4981501,3.0412617,c1cc2cc3c(cc2cc1)c1c(cc3)c2c(cc1)cc1c(ccc3c1ccc1c3ccc(c1)C#N)c2
96,C7176,5.8485174,2.233941,3.6145764,c1cc2c(cc1)c1c(cc2)c2c(cc1)c1c(cc2)c2c(cc1)c1c(cccc1)cc2C#N
97,C753,5.3122083,2.8692945,2.4429137999999995,c1cc2c(cc1)c1cc3cc4cc5c(ccc6cc(ccc56)C#N)cc4cc3cc1cc2
98,C7175,5.9622552,2.2997892,3.662466,c1cc2c(cc1)c1c(cc2)c2c(cc1)c1c(c(c2)C#N)c2c(cc1)c1c(cccc1)cc2
99,C721,5.3448603,3.0048003000000003,2.34006,c1cc2cc3c(cc2cc1)c1cc2cc4cc5cc(ccc5cc4cc2cc1cc3)C#N
100,C791,5.4596865,2.8554174000000003,2.6042691,c1cc2c(cc1C#N)cc1cc3c(ccc4c3c3ccccc3c3c4cccc3)cc1c2
101,C8153,5.0632368,3.0649344000000003,1.9983024,c1cc2c(cc1)c1cc3cc4cc5cc6c(cc5cc4cc3cc1cc2)c1c(cc(cc1)C#N)cc6
102,C8154,5.036571,3.0194937,2.0170772999999995,c1cc2c(cc1)c1cc3cc4cc5cc6c(cc5cc4cc3cc1cc2)c1c(c(ccc1)C#N)cc6
103,C831,5.0343942,3.2390784000000004,1.7953157999999996,c1cc2c(cc1C#N)cc1cc3cc4cc5c(ccc6c5ccc5c6cccc5)cc4cc3cc1c2
104,C732,5.2531626000000005,3.1171776,2.135985,c1cc2c(cc1)c(c1cc3cc4c(ccc5c4ccc4c5cccc4)cc3cc1c2)C#N
105,C863,5.2153407000000005,2.9482035,2.2671372,c1ccc2cc3cc4c(ccc5c4c4cc6cc7ccccc7cc6cc4cc5C#N)cc3cc2c1
106,C7104,5.6645778,2.5008711000000003,3.1637067,c1cc2cc3c(cc2cc1)c1cc2c(cc1cc3)c1cc3c(cccc3)cc1cc2C#N
107,C81.2,4.7854227,3.2284665,1.5569562,c12c(cc3c(c1)c1c(cc3)ccc(c1)C#N)cc1c(c2)cc2c(c1)cc1c(c2)cc2c(c1)cccc2
108,C7161,5.8566804,2.4303972,3.4262831999999994,c1cc2c(cc1)c1cc3c(cc1cc2)c1cc2c(cc1cc3)c1c(cccc1)c(c2)C#N
109,C888,5.529072,2.5833174,2.9457546,c1cc2cc3c(cc2cc1)c1c(c(c3)C#N)c2c(cc1)cc1c(ccc3c1ccc1c3cccc1)c2
110,C774,5.3067663000000005,2.5291695,2.7775968,c1cc2c(cc1)cc1cc3c(ccc4c3c(cc3c4c4c(cccc4)cc3)C#N)cc1c2
111,C71.5,5.0316732,3.1743186,1.8573546,c12c(cc3c(c1)c1c(c(c3)C#N)cccc1)cc1c(c2)cc2c(c1)cc1c(c2)cccc1
112,C7183,5.9391267,2.2290432000000004,3.710083499999999,c1cc2c(cc1)c1c(cc2)c2c(cc1)c1c(c3ccccc23)c2c(cccc2)cc1C#N
113,C883,5.6229465,2.6464446,2.9765019,c1cc2cc3c(cc2cc1)c1c(cc3)c2c(c(c1)C#N)cc1c(ccc3c1ccc1c3cccc1)c2
114,C8133,5.4316602,2.5392372,2.892423,c1cc2cc3cc4c5ccccc5c5c(ccc6c5c5c(cccc5)cc6C#N)c4cc3cc2cc1
115,C767,5.572608000000001,2.7422238,2.830384200000001,c1cc2c(cc1)cc1cc3c(cc(c4c3cc3ccc5c(cccc5)c3c4)C#N)cc1c2
116,C8112,5.5756011,2.5974666,2.9781345000000004,c1(cc2c(cc1)c1c(cc2)c2cc3cc4c5ccccc5c5ccccc5c4cc3cc2cc1)C#N
117,C7152,5.8749111,2.4557025,3.4192086,c1cc2cc3c(cc2cc1)c1cc2c(cccc2)cc1c1cc2cccc(c2cc31)C#N
118,C71.14,5.0063679,3.1585368000000003,1.8478311,c12c(cc3c(c1)c1c(cc3)cccc1)cc1c(c2)cc2c(c1)cc1c(c2)c(ccc1)C#N
119,C8152,4.9337172,2.9215377,2.0121795000000007,c1cc2c(cc1)c1cc3cc4cc5cc6c(cc5cc4cc3cc1cc2)c1c(cccc1C#N)cc6
120,C7186,5.939943,2.2619673,3.6779757000000006,c1(cc2c(cc1)c1c(cc2)c2c(cc1)c1c(c3ccccc23)c2c(cccc2)cc1)C#N
121,C81.3,4.8131769,3.2613906,1.5517863,c12c(cc3c(c1)c1c(cc3)cc(cc1)C#N)cc1c(c2)cc2c(c1)cc1c(c2)cc2c(c1)cccc2
122,C8126,5.7940974,2.225778,3.5683194,c1cc2c(cc1)c1c(c(c2)C#N)c2c(cc1)c1c(cc2)c2c(cc1)c1c(cc2)c2c(cccc2)cc1
123,C832,5.0626926,3.3084639,1.7542287,c1cc2c(cc1)cc1c(c3cc4cc5c(ccc6c5ccc5c6cccc5)cc4cc3cc1c2)C#N
124,C822,5.1203778,3.2534997,1.8668781,c1cc2cc3c(cc2cc1)c(c1cc2cc4c(ccc5c4cc4ccccc4c5)cc2cc1c3)C#N
125,C7192,6.0661974,2.1267336,3.939463800000001,c1cc2c(cc1)c1c(c3c2cccc3)c2c(cc1)c1c(cccc1)c1c2cccc1C#N
126,C726,5.2237758,2.8347378,2.3890380000000007,c1cc2c(c3c(cc2cc1)c1cc2cc4cc5ccccc5cc4cc2cc1cc3)C#N
127,C71.1,4.8643317,2.9759577,1.8883740000000004,c12c(cc3c(c1)c1c(cc3)cccc1C#N)cc1c(c2)cc2c(c1)cc1c(c2)cccc1
128,C841,5.2030962,3.0954096,2.1076866,c1cc2cc3c(cc2cc1)c1c(cc3)c2cc3cc4cc5cc(ccc5cc4cc3cc2cc1)C#N
129,C872,5.4705705,2.8336494,2.6369211000000004,c1cc2cc3c(cc2cc1)c1cc2c(cc1cc3)c1c(c3cc4c(cccc4)cc3cc1cc2)C#N
130,C7136,5.6964135,2.6214114,3.0750021000000003,c1cc2c(cc1)cc1c(ccc3c1cc(c1c3cc3c(ccc4ccccc34)c1)C#N)c2
131,C81.1,4.6904598,3.1269732,1.5634866000000005,c12c(cc3c(c1)c1c(cc3)cccc1C#N)cc1c(c2)cc2c(c1)cc1c(c2)cc2c(c1)cccc2
132,C7134,5.6904273000000005,2.6102553,3.080172,c1(cc2c(cc1)cc1c(ccc3c1ccc1c3cc3c(ccc4ccccc34)c1)c2)C#N
133,C742,5.3987361,2.946843,2.4518931000000004,c1cc2cc3c(cc2cc1)c1c(cc3)c2cc3c(c4ccccc4cc3cc2cc1)C#N
134,C7115,5.7900159,2.5035921,3.286423800000001,c1cc2c(cc1)cc1c(c(cc3c1ccc1c3ccc3cc4ccccc4cc13)C#N)c2
135,C821,5.0969772,3.1868352,1.910142,c1cc2cc3c(cc2cc1C#N)cc1cc2cc4c(ccc5c4cc4ccccc4c5)cc2cc1c3
136,C878,5.4648564,2.7095718,2.7552846,c1cc2cc3c(cc2cc1)c1cc2c(cc1cc3)c1cc3cc4c(cccc4)cc3cc1c(c2)C#N
137,C71.2,4.9690902,3.0872466000000003,1.8818436,c12c(cc3c(c1)c1c(cc3)ccc(c1)C#N)cc1c(c2)cc2c(c1)cc1c(c2)cccc1
138,C733,5.2221432000000005,3.0788115,2.1433317,c1cc2c(cc1)cc1cc3c(c4c(ccc5c4ccc4c5cccc4)cc3cc1c2)C#N
139,C7191,6.114631200000001,2.2826469,3.8319843,c1cc2c(cc1)c1c(c3c2cccc3)c2c(cc1)c1c(cccc1)c1c2ccc(c1)C#N
140,C782,5.6809038,2.704674,2.9762298,c1cc2cc3c(cc2cc1)c1cc2c(c4c(ccc5ccccc45)cc2cc1cc3)C#N
141,C7169,5.8055256,2.3082243,3.4973013,c1cc2c(cc1)c1cc3c(cc1cc2)c1cc2c(cc1cc3)c1c(ccc(c1)C#N)cc2
142,C81.16,4.865148,3.3571698000000003,1.5079781999999995,c12c(cc3c(c1)c1c(cc3)cccc1)cc1c(c2)cc2c(c1)cc1c(c2)c(c2c(c1)cccc2)C#N
143,C81.20,4.8126327,3.2915937,1.5210390000000005,c12c(cc3c(c1C#N)c1c(cc3)cccc1)cc1c(c2)cc2c(c1)cc1c(c2)cc2c(c1)cccc2
144,C881,5.6017227,2.6167857000000003,2.984937,c1cc2cc3c(cc2cc1C#N)c1c(cc3)c2c(cc1)cc1c(ccc3c1ccc1c3cccc1)c2
145,C71.3,4.9965723,3.1218033000000003,1.874769,c12c(cc3c(c1)c1c(cc3)cc(cc1)C#N)cc1c(c2)cc2c(c1)cc1c(c2)cccc1
146,C861,5.1941169,2.9487477,2.2453692000000003,c1ccc2cc3cc4c(ccc5c4c4cc6cc7cc(ccc7cc6cc4cc5)C#N)cc3cc2c1
147,C8124,5.8727343,2.2927146,3.5800197,c1cc2c(cc1)c1c(cc2)c2c(cc1)c1c(c(c2)C#N)c2c(cc1)c1c(cc2)c2c(cccc2)cc1
148,C7132,5.6964135,2.6293023,3.0671112000000007,c1cc2c(cc1)cc1c(c(cc3c1ccc1c3cc3c(ccc4ccccc34)c1)C#N)c2
149,C7122,5.5165554000000006,2.6241324,2.8924230000000004,c1cc2c(cc1)c1c(cc2)cc2cc3ccc4c(ccc5c4ccc(c5)C#N)c3cc2c1
150,C81.9,4.9263705,3.4159434000000006,1.5104270999999994,c12c(cc3c(c1)c1c(cc3)cccc1)cc1c(c2)cc2c(c1C#N)cc1c(c2)cc2c(c1)cccc2
151,C731,5.259693,3.0722811,2.1874119000000003,c1cc2c(cc1C#N)cc1cc3cc4c(ccc5c4ccc4c5cccc4)cc3cc1c2
152,C788,5.7029439,2.6559681,3.0469758,c1cc2cc3c(cc2cc1)c1cc2cc4c(cc(c5ccccc45)C#N)cc2cc1cc3
153,C8136,5.4466257,2.5180134,2.9286123,c1cc2cc3cc4c5ccccc5c5c(ccc6c5c5c(cc(cc5)C#N)cc6)c4cc3cc2cc1
154,C762,5.5894782,2.8491591,2.7403191,c1cc2c(cc1)c(c1cc3c(ccc4c3cc3ccc5c(cccc5)c3c4)cc1c2)C#N
155,C779,5.4439047,2.7365097,2.707395,c1cc2c(cc1)cc1cc3c(c(cc4c3ccc3c4c4c(cccc4)cc3)C#N)cc1c2
156,C746,5.3764239,2.851608,2.5248159,c1cc2cc3c(cc2cc1)c1c(cc3)c2cc3cc4ccccc4cc3cc2cc1C#N
157,C7168,5.8302867,2.4459069,3.3843798,c1cc2c(cc1)c1cc3c(cc1cc2)c1cc2c(c(c1cc3)C#N)c1c(cccc1)cc2
158,C752,5.3372415,2.9626248000000004,2.3746167,c1cc2c(cc1)c1cc3cc4c(c5c(ccc6ccccc56)cc4cc3cc1cc2)C#N
159,C768,5.5092087,2.66658,2.8426287,c1cc2c(cc1)cc1cc3c(c(cc4c3cc3ccc5c(cccc5)c3c4)C#N)cc1c2
160,C81.6,4.7677362,3.2186709,1.5490652999999994,c12c(cc3c(c1)c1c(cc3C#N)cccc1)cc1c(c2)cc2c(c1)cc1c(c2)cc2c(c1)cccc2
161,C71.7,5.0278638,3.1993518,1.828512,c12c(c(c3c(c1)c1c(cc3)cccc1)C#N)cc1c(c2)cc2c(c1)cc1c(c2)cccc1
162,C735,5.217789600000001,3.0428943,2.1748953000000006,c1cc2c(cc1)cc1cc3cc4c(cc(c5c4ccc4c5cccc4)C#N)cc3cc1c2
163,C8115,5.603627400000001,2.6867154,2.9169120000000004,c1cc2c(cc1)c1c(cc2)c2cc3cc4c5ccccc5c5ccccc5c4cc3cc2c(c1)C#N
164,C777,5.3845869,2.6061738,2.7784131000000003,c1cc2c(cc1)cc1cc3c(ccc4c3ccc3c4c4c(cc(cc4)C#N)cc3)cc1c2
165,C8147,5.2956102,2.9310612,2.364549,c1cc2cc3cc4c(cc3cc2cc1)c1cc2cc3cc5c(cccc5)cc3cc2cc1cc4C#N
166,C7171,5.9391267,2.1961191,3.7430076,c1cc2c(cc1)c1c(cc2)c2c(cc1)c1c(cc2)c2c(cc1)c1c(ccc(c1)C#N)cc2
167,C891,4.9620156,3.0243915,1.9376241,c1cc2c(cc1)cc1cc3cc4cc5c(cc4cc3cc1c2)c1c(c(ccc1)C#N)c1c5cccc1
168,C825,4.968546000000001,3.0243915,1.9441545000000005,c1cc2cc3c(cc2cc1)cc1cc2cc4c(ccc5c4cc4cc(ccc4c5)C#N)cc2cc1c3
169,C744,5.3301669,2.7974601,2.5327068,c1cc2c(c3c(cc2cc1)c1c(cc3)c2cc3cc4ccccc4cc3cc2cc1)C#N
170,C836,4.992490800000001,3.2077869,1.7847039000000002,c1cc2c(cc1)cc1cc3cc4cc5c(cc(c6c5ccc5c6cccc5)C#N)cc4cc3cc1c2
171,C824,4.8822903,2.9536455,1.9286448000000005,c1cc2cc3c(cc2cc1)cc1cc2cc4c(ccc5c4c(c4ccccc4c5)C#N)cc2cc1c3
172,C8134,5.479005600000001,2.6083506,2.870655,c1cc2cc3cc4c5ccccc5c5c(ccc6c5c5c(cccc5)c(c6)C#N)c4cc3cc2cc1
173,C81.13,4.8803856,3.3422043,1.5381813,c12c(cc3c(c1)c1c(cc3)cccc1)cc1c(c2)cc2c(c1)cc1c(c2)cc2c(c1)cc(cc2)C#N
174,C8127,5.9040258,2.3234619,3.5805639000000005,c1cc2c(cc1)c1c(cc2C#N)c2c(cc1)c1c(cc2)c2c(cc1)c1c(cc2)c2c(cccc2)cc1
175,C7143,5.6033553000000005,2.5506654,3.0526899,c1cc2cc3c4cc(ccc4c4c5cc6c(cccc6)cc5ccc4c3cc2cc1)C#N
176,C71.10,5.0635089,3.2428878,1.8206211000000003,c12c(cc3c(c1)c1c(cc3)cccc1)cc1c(c2)cc2c(c1)c(c1c(c2)cccc1)C#N
177,C71.16,5.0988819,3.281526,1.8173559,c1cc2c(cc1)cc1c(c3cc4cc5c(ccc6c5cccc6)cc4cc3cc1c2)C#N
178,C7182,6.0291918,2.3748888,3.654303,c1cc2c(cc1)c1c(cc2)c2c(cc1)c1c(c3ccccc23)c2c(cccc2)c(c1)C#N
179,C7184,5.9121888,2.2870005,3.625188300000001,c1cc2c(cc1)c1c(cc2)c2c(c(c1)C#N)c1c(c3ccccc23)c2c(cccc2)cc1
180,C855,5.071944,2.9560944,2.1158496,c1cc2c(cc1)cc1cc3cc4c(ccc5c4c4cc6ccccc6cc4cc5C#N)cc3cc1c2
181,C7101,5.7013113,2.5139319,3.1873794,c1cc2cc3c(cc2cc1C#N)c1cc2c(cc1cc3)c1cc3c(cccc3)cc1cc2
182,C8131,5.5941039,2.7585498,2.8355541,c1(cc2cc3cc4c5ccccc5c5c(ccc6c5c5c(cccc5)cc6)c4cc3cc2cc1)C#N
183,C889,5.633014200000001,2.6576007,2.9754135,c1cc2cc3c(cc2cc1)c1c(cc3C#N)c2c(cc1)cc1c(ccc3c1ccc1c3cccc1)c2
184,C727,5.2909845,2.9544618,2.3365227000000006,c1cc2cc3c(cc2cc1)c1cc2cc4cc5ccccc5cc4cc2cc1cc3C#N
185,C886,5.5843083,2.5778754000000004,3.0064329,c1cc2cc3c(cc2cc1)c1c(cc3)c2c(cc1)cc1c(cc(c3c1ccc1c3cccc1)C#N)c2
186,C81.5,4.8441963,3.3057429000000003,1.5384534,c12c(cc3c(c1)c1c(c(c3)C#N)cccc1)cc1c(c2)cc2c(c1)cc1c(c2)cc2c(c1)cccc2
187,C7114,5.6610405,2.5147482,3.1462923000000003,c1cc2c(cc1)cc1c(cc(c3c1ccc1c3ccc3cc4ccccc4cc13)C#N)c2
188,C765,5.4583260000000005,2.5688961,2.8894299,c1cc2c(cc1)cc1cc3c(ccc4c3cc3ccc5c(ccc(c5)C#N)c3c4)cc1c2
189,C757,5.403361800000001,3.0382686,2.3650932000000005,c1cc2c(cc1)c1cc3cc4cc5c(ccc6ccccc56)cc4c(c3cc1cc2)C#N
190,C8157,5.095344600000001,3.1476528000000004,1.9476918,c1cc2c(cc1)c1cc3cc4cc5c(c6c(cc5cc4cc3cc1cc2)c1c(cccc1)cc6)C#N
191,C723,5.2689444000000005,2.9770461,2.2918983000000006,c1cc2cc3c(cc2cc1)c1c(c2cc4cc5ccccc5cc4cc2cc1cc3)C#N
192,C8111,5.6101578000000005,2.7792294,2.8309284000000003,c1cc2c(cc1)c1c(cc2)c2c(c3cc4c5ccccc5c5ccccc5c4cc3cc2cc1)C#N
193,C7178,5.9179029,2.2363899000000003,3.681513,c1cc2c(cc1)c1c(cc2)c2c(cc1)c1c(cc2)c2c(cc1)c1c(c(ccc1)C#N)cc2
194,C81.14,4.8801135,3.3422043,1.5379092000000003,c12c(cc3c(c1)c1c(cc3)cccc1)cc1c(c2)cc2c(c1)cc1c(c2)cc2c(c1)ccc(c2)C#N
195,C725,5.1816003,2.7868482,2.3947521,c1c(c2cc3c(cc2cc1)c1cc2cc4cc5ccccc5cc4cc2cc1cc3)C#N
196,C7172,5.8395381,2.2295874,3.6099507,c1cc2c(cc1)c1c(cc2)c2c(cc1)c1c(cc2)c2c(cc1)c1c(cccc1C#N)cc2
197,C877,5.4893454,2.7612708,2.7280746,c1cc2cc3c(cc2cc1)c1cc2c(cc1cc3)c1cc3cc4c(cccc4)cc3cc1cc2C#N
198,C784,5.6087973,2.4780147,3.1307826000000003,c1cc2cc3c(cc2cc1C#N)c1cc2cc4c(ccc5ccccc45)cc2cc1cc3
199,C81.18,4.9228332,3.4129503000000003,1.5098828999999996,c12c(cc3c(c1)c1c(cc3)cccc1)cc1c(c2)c(c2c(c1)cc1c(c2)cc2c(c1)cccc2)C#N
200,C8137,5.4264903,2.4921639,2.9343264,c1cc2cc3cc4c5cccc(c5c5c(ccc6c5c5c(cccc5)cc6)c4cc3cc2cc1)C#N
201,C741,5.4245856,2.8853484,2.5392372000000005,c1cc2cc3c(cc2cc1)c1c(cc3)c2cc3cc4cc(ccc4cc3cc2cc1)C#N
202,C837,4.926098400000001,3.1264290000000003,1.7996694000000002,c1cc2c(cc1)cc1cc3cc4cc5c(c(cc6c5ccc5c6cccc5)C#N)cc4cc3cc1c2
203,C81.19,4.8855555,3.3789378,1.5066176999999998,c12c(cc3c(c1)c1c(cc3)cccc1)cc1c(c2C#N)cc2c(c1)cc1c(c2)cc2c(c1)cccc2
204,C7116,5.7350517000000005,2.6184183,3.1166334000000004,c1cc2c(cc1)cc1c(ccc3c1ccc1c3ccc3cc4ccccc4cc13)c2C#N
205,C754,5.2839099,2.8099767,2.4739332000000003,c1cc2c(cc1)c1cc3cc4cc5c(ccc6c(cccc56)C#N)cc4cc3cc1cc2
206,C884,5.586213000000001,2.6527029,2.9335101000000003,c1cc2cc3c(cc2cc1)c1c(cc3)c2c(cc1)c(c1c(ccc3c1ccc1c3cccc1)c2)C#N
207,C8102,5.5990017000000005,2.3751609000000005,3.2238408,c1cc2c(cc1)c1c(cc3cc4c(cc3c1)c1c(cccc1)c1c4cccc1)c1c(cccc21)C#N
208,C7125,5.6128788,2.8268469,2.7860319,c1cc2c(cc1)c1c(cc2)cc2c(c3ccc4c(ccc5c4cccc5)c3cc2c1)C#N
209,C7121,5.5546494,2.7895692000000003,2.7650802,c1cc2c(cc1)c1c(cc2)cc2cc3ccc4c(ccc5c4cccc5)c3cc2c1C#N
210,C7193,6.027287100000001,2.0997957,3.927491400000001,c1cc2c(cc1)c1c(c3c2cccc3)c2c(cc1)c1c(c(ccc1)C#N)c1c2cccc1
211,C81.11,4.8665085,3.3585303,1.5079782000000004,c12c(cc3c(c1)c1c(cc3)cccc1)cc1c(c2)cc2c(c1)cc1c(c2)cc2c(c1C#N)cccc2
212,C7173,5.985655800000001,2.2728513,3.7128045000000007,c1cc2c(cc1)c1c(cc2)c2c(cc1)c1c(cc2)c2c(c(c1)C#N)c1c(cccc1)cc2
213,C873,5.333976300000001,2.5395093,2.7944670000000005,c1cc2cc3c(cc2cc1)c1cc2c(c(c1cc3)C#N)c1cc3cc4c(cccc4)cc3cc1cc2
214,C7112,5.651517,2.6146089,3.0369081,c1cc2c(cc1)c(c1c(ccc3c1ccc1c3ccc3cc4ccccc4cc13)c2)C#N
215,C7174,5.896679100000001,2.3025102,3.594168900000001,c1cc2c(cc1)c1c(cc2)c2c(cc1)c1c(cc2)c2c(cc1C#N)c1c(cccc1)cc2
216,C71.9,5.1040518,3.284247,1.8198048,c12c(cc3c(c1)c1c(cc3)cccc1)cc1c(c2)cc2c(c1C#N)cc1c(c2)cccc1
217,C8156,5.022149700000001,3.0292893,1.9928604000000003,c1cc2c(cc1)c1cc3cc4cc5cc6c(cc5cc4cc3cc1cc2)c1c(cccc1)cc6C#N
218,C7187,5.790288,2.2124451,3.5778429,c1cc2c(cc1)c1c(c(c2)C#N)c2c(cc1)c1c(c3ccccc23)c2c(cccc2)cc1
219,C892,4.9709949,3.0301056,1.9408893,c1cc2c(cc1)cc1cc3cc4cc5c(cc4cc3cc1c2)c1c(ccc(c1)C#N)c1c5cccc1
220,C844,5.0831001,2.9446662,2.1384339000000003,c1(cc2cc3c(cc2cc1)c1c(cc3)c2cc3cc4cc5ccccc5cc4cc3cc2cc1)C#N
221,C7151,5.896679100000001,2.4804636,3.4162155,c1cc2cc3c(cc2cc1)c1cc2c(cccc2)cc1c1cc2ccccc2c(c31)C#N
222,C8123,5.8259331,2.3147547000000004,3.5111784,c1cc2c(cc1)c1c(cc2)c2c(c(c1)C#N)c1c(cc2)c2c(cc1)c1c(cc2)c2c(cccc2)cc1
223,C7162,5.7625338,2.3659095,3.3966243,c1cc2c(cc1)c1cc3c(cc1cc2)c1cc2c(cc1cc3)c1c(cccc1)cc2C#N
224,C7138,5.6436261000000005,2.5607331,3.0828930000000003,c1cc2c(cc1)cc1c(ccc3c1ccc1c3cc3c(cc(c4ccccc34)C#N)c1)c2
225,C761,5.610702,2.7827667000000003,2.8279353,c1cc2c(cc1C#N)cc1cc3c(ccc4c3cc3ccc5c(cccc5)c3c4)cc1c2
226,C874,5.3165619,2.5705287,2.7460332000000003,c1cc2cc3c(cc2cc1)c1cc2c(cc1c(c3)C#N)c1cc3cc4c(cccc4)cc3cc1cc2
227,C7123,5.5734243,2.7397749,2.8336494000000005,c1cc2c(cc1)c1c(cc2)cc2cc3cc(c4c(ccc5c4cccc5)c3cc2c1)C#N
228,C781,5.6694756,2.5770591,3.0924165,c1cc2cc3c(cc2cc1)c1cc2cc4c(ccc5cc(ccc45)C#N)cc2cc1cc3
229,C7153,5.9622552,2.446179,3.5160762,c1cc2cc3c(cc2cc1)c1cc2c(cccc2)cc1c1cc2ccc(cc2cc31)C#N
230,C71.12,5.0697672,3.2113242,1.8584430000000003,c12c(cc3c(c1)c1c(cc3)cccc1)cc1c(c2)cc2c(c1)cc1c(c2)ccc(c1)C#N
231,C794,5.146771500000001,2.5204623,2.6263092,c1cc2c(cc1)cc1cc3c(ccc4c3c3c(cccc3c3c4cccc3)C#N)cc1c2
232,C796,5.2958823,2.6260371,2.6698452,c1cc2c(cc1)cc1cc3c(ccc4c3c3ccccc3c3c4cccc3C#N)cc1c2
233,C764,5.3584653,2.446179,2.9122863,c1cc2c(cc1)cc1cc3c(ccc4c3cc3c(cc5c(cccc5)c3c4)C#N)cc1c2
234,C895,5.106500700000001,3.1936377,1.912863,c1(cc2c(cc1)cc1cc3cc4cc5c(cc4cc3cc1c2)c1c(cccc1)c1c5cccc1)C#N
235,C71.11,5.0077284,3.1601694,1.8475590000000004,c12c(cc3c(c1)c1c(cc3)cccc1)cc1c(c2)cc2c(c1)cc1c(c2)cccc1C#N
236,C871,5.5244463,2.8050789000000003,2.7193674,c1cc2cc3c(cc2cc1)c1cc2c(cc1cc3)c1cc3cc4c(ccc(c4)C#N)cc3cc1cc2
237,C8104,5.7375006,2.5280811,3.2094195,c1cc2c(cc1)c1c(cc3cc4c(cc3c1)c1c(cccc1)c1c4cccc1)c1ccc(cc21)C#N
238,C7127,5.5407723,2.6673963,2.873376,c1(cc2c(cc1)c1c(cc2)cc2cc3ccc4c(ccc5c4cccc5)c3cc2c1)C#N
239,C7185,5.9693298,2.2826469,3.6866829,c1cc2c(cc1)c1c(cc2)c2c(cc1C#N)c1c(c3ccccc23)c2c(cccc2)cc1
240,C778,5.4656727,2.767257,2.6984157,c1cc2c(cc1)cc1cc3c(cc(c4c3ccc3c4c4c(cccc4)cc3)C#N)cc1c2
241,C7181,6.0359943000000005,2.3166594,3.7193349,c1cc2c(cc1)c1c(cc2)c2c(cc1)c1c(c3ccccc23)c2c(cc(cc2)C#N)cc1
242,C7103,5.6403609,2.3648211,3.2755398,c1cc2cc3c(cc2cc1)c1c(c2c(cc1cc3)c1cc3c(cccc3)cc1cc2)C#N
243,C734,5.148132,2.9256192000000003,2.2225128,c1cc2c(cc1)cc1cc3cc4c(ccc5c4ccc4c5ccc(c4)C#N)cc3cc1c2
244,C8132,5.5810431,2.8301121,2.750931,c1cc2cc3cc4c5ccccc5c5c(ccc6c5c5c(cccc5)cc6)c4cc3c(c2cc1)C#N
245,C8113,5.4702984,2.5411419,2.9291565,c1cc2c(c(c1)C#N)c1c(cc2)c2cc3cc4c5ccccc5c5ccccc5c4cc3cc2cc1
246,C8122,5.787567,2.2385667,3.5490003,c1cc2c(c(c1)C#N)c1c(cc2)c2c(cc1)c1c(cc2)c2c(cc1)c1c(cc2)c2c(cccc2)cc1
247,C8142,5.3489418,3.0377244,2.3112174000000003,c1cc2cc3cc4c(cc3cc2cc1)c1cc2cc3c(c5c(cccc5)cc3cc2cc1cc4)C#N
248,C8148,5.2096266,2.8154187000000004,2.3942079,c1cc2cc3cc4c(cc3cc2cc1)c1cc2cc3cc5c(cccc5)cc3cc2cc1c(c4)C#N
249,C775,5.4354696,2.7090276,2.726442,c1cc2c(cc1)cc1cc3c(ccc4c3cc(c3c4c4c(cccc4)cc3)C#N)cc1c2
250,C776,5.3606421,2.6105274,2.7501147,c1cc2c(cc1)cc1cc3c(ccc4c3ccc3c4c4c(cccc4)cc3C#N)cc1c2
251,C7126,5.5775058,2.7384144,2.8390914,c1cc2c(cc1)c1c(cc2C#N)cc2cc3ccc4c(ccc5c4cccc5)c3cc2c1
252,C787,5.7258003,2.7378702,2.9879301000000003,c1cc2cc3c(cc2cc1)c1cc2cc4c(ccc5ccccc45)c(c2cc1cc3)C#N
253,C833,4.9835115000000005,3.2137731000000005,1.7697384,c1cc2c(cc1)cc1cc3cc4c(c5c(ccc6c5ccc5c6cccc5)cc4cc3cc1c2)C#N
254,C856,5.1576555,3.0698322,2.0878233,c1cc2c(cc1)cc1cc3cc4c(cc(c5c4c4cc6ccccc6cc4cc5)C#N)cc3cc1c2
255,C786,5.6251233,2.5691682,3.0559551,c1cc2cc3c(cc2cc1)c1cc2cc4c(ccc5ccccc45)cc2cc1c(c3)C#N
256,C797,5.3587374,2.715558,2.6431794,c1cc2c(cc1)cc1cc3c(ccc4c3c3ccccc3c3c4ccc(c3)C#N)cc1c2
257,C5113,5.5554657,2.6940621,2.8614036,c12c(cc3c(c1)c1c(cc3)cc(cc1)C#N)cc1c(c2)cccc1
258,C6205,6.0373548,2.1895887000000003,3.8477661,c1cc2c(cc1)c1cc3c(cc1cc2)c1c(ccc(c1)C#N)c1ccccc31
259,C6159,5.8945023,2.4249552000000003,3.4695471,c1cc2c(cc1)c1cc3c(ccc4cc5ccccc5cc34)c(c1cc2)C#N
260,C684,5.8221237,2.5397814000000003,3.2823423,c1c(c2cc3c(cc2cc1)c1c(cc3)c2c(ccc3ccccc23)cc1)C#N
261,C6326,5.9706903,2.3060475,3.6646427999999993,c1c(c2c(cc1)c1c(cc2)c2c(c3ccccc13)c1c(cccc1)cc2)C#N
262,C431,6.1581672,2.1961191,3.9620481,c1ccc2c(c1)c1c(cc2)c2c(cc1C#N)cccc2
263,C61911,5.997084000000001,2.1928539,3.8042301000000007,c1cc2c(c(c1)C#N)c1c(cc2)c2c(cc1)c1c(cccc1)c1ccccc21
264,C6302,5.861034,2.4371997,3.4238343,c1cc2c(cc1C#N)cc1c(c2)c2c(cccc2)c2c1c1c(cccc1)cc2
265,C424,6.2430624,2.2453692,3.9976932,c1cc2c(cc1)c1c(ccc3cc(ccc13)C#N)cc2
266,C546,5.9930025,2.2464576,3.7465449,c1cc2c(c(c1)C#N)c1c(cc2)c2ccccc2c2c1cccc2
267,C51.1,6.1864656,2.3109453,3.8755203,c1cc2c(cc1)c1c(cc2C#N)c2c(ccc3c2cccc3)cc1
268,C5122,5.242550700000001,3.1065657,2.135985,c1ccc2c(c1)cc1c(c2)cc2c(c1)cc1c(c2)cc(cc1)C#N
269,C62.14,5.3103036,3.0839814,2.2263222000000003,c12c(cc3c(c1)c1c(cc3)cccc1)cc1c(c2)c(c2c(c1)cccc2)C#N
270,C6188,5.6871621,2.4674028,3.2197593,c1cc2cc3c(cc2cc1)c1c(cc3)c2c(cc(cc2)C#N)c2ccccc12
271,C587,5.9957235,2.4706680000000003,3.5250555,c1cc2cc3c(cc2cc1)c1cc2ccccc2cc1c(c3)C#N
272,C6284,5.8419870000000005,2.4361113,3.4058757,c1cc2c(cc1)c1cc3c(ccc4c3c3c(cccc3)cc4)cc1c(c2)C#N
273,C6241,5.7500172,2.2124451,3.5375721000000007,c1cc2c(c(c1)C#N)c1c3c4c(cccc4)ccc3c3ccccc3c1cc2
274,C62.11,5.314385100000001,3.0363639,2.2780212000000004,c12c(cc3c(c1)c1c(cc3)cccc1)cc1c(c2)cc2c(c1)cc(cc2)C#N
275,C6295,5.9981724000000005,2.3161152,3.6820572,c1cc2c(cc1)c1c(cc2)c2c(cc1)cc(c1c2ccc2c1cccc2)C#N
276,C432,6.2381646,2.3215572,3.9166074000000006,c1ccc2c(c1)c1c(cc2)c2c(c(c1)C#N)cccc2
277,C6158,5.9568132,2.47611,3.4807032,c1cc2c(cc1)c1cc3c(c(cc4cc5ccccc5cc34)C#N)cc1cc2
278,C664,5.6360073,2.6137926000000005,3.0222147,c1cc2c(cc1)c1cc3cc4c(ccc5cc(ccc45)C#N)cc3cc1cc2
279,C6143,5.7930090000000005,2.2810143000000003,3.5119947000000007,c1cc2c(cc1)cc1c(ccc3c1cc1ccc4c(cccc4C#N)c1c3)c2
280,C61.6,5.0436456000000005,3.3408438,1.7028018,c1ccc2c(c1)cc1c(c2)cc2c(c1)c(c1c(c2)cc2c(c1)cccc2)C#N
281,C593,5.7913764,2.4693075,3.3220689,c12c(cc3c(c1)c1c(cc3)ccc3c1ccc(c3)C#N)cccc2
282,C566,6.0746325,2.4535257,3.6211068,c1c(c2cc3c(cc2cc1)c1c(cccc1)c1ccccc31)C#N
283,C678,5.911372500000001,2.4878103,3.4235622,c1cc2c(cc1)c1c(cc2)c2c(c(c1)C#N)cc1ccc3ccccc3c1c2
284,C656,5.6338305,2.6358327,2.9979978000000003,c1ccc2c(c1)cc1c(c2)ccc2c1ccc1c2cc2c(c1)cc(cc2)C#N
285,C6107,5.4942432,2.8178676,2.6763756,c12c(cc3c(c1)c1c(c(c3)C#N)ccc3c1cccc3)cc1c(c2)cccc1
286,C6342,6.0196683,2.2614231,3.7582452000000006,c1cc2c(cc1)c1c(cc2)c2c(cc1)c1c(c(c2)C#N)c2c(cccc2)cc1
287,C51111,5.6346468,2.7988206,2.8358262,c12c(cc3c(c1)c1c(cc3)cccc1)cc1c(c2)cc(cc1)C#N
288,C534,6.1317735,2.1729906,3.958782900000001,c1cc2c(cc1)c1c(cc2)c2c(cc1)c1c(cc(cc1)C#N)cc2
289,C423,6.2207502,2.2668651,3.9538851,c1cc2c(cc1)c1c(ccc3c(cccc13)C#N)cc2
290,C5411,5.9968119,2.1302709,3.866541,c1cc2c(cc1)c1c(cc2)c2cccc(c2c2c1cccc2)C#N
291,C5104,5.8082466,2.4227784,3.3854682000000005,c1ccc2c(c1)cc1c(c2)ccc2c1ccc1c2ccc(c1)C#N
292,C444,5.953548,2.2491786,3.7043694,c12c(cc3c(c1)c1c(cc3)c(ccc1)C#N)cccc2
293,C6322,6.0014376,2.3952963,3.6061413,c1cc2c(cc1)c1c(cc2C#N)c2c(c3ccccc13)c1c(cccc1)cc2
294,C51.6,6.1263315,2.2761165,3.850215,c1cc2c(cc1)c1c(cc2)c2c(ccc3c2cccc3)cc1C#N
295,C4412,5.9965398,2.5490328,3.4475069999999994,c12c(cc3c(c1C#N)c1c(cc3)cccc1)cccc2
296,C448,6.0076959,2.4989664,3.5087294999999994,c12c(cc3c(c1)c1c(cc3)cccc1)c(ccc2)C#N
297,C51.13,5.9260659,2.1699975,3.7560684,c1cc2c(cc1)c1c(cc2)c2c(ccc3c2c(ccc3)C#N)cc1
298,C526,6.1587114000000005,2.2450971,3.9136143,c1cc2c(cc1)c1c(cc2)ccc2c1c1c(cccc1)cc2C#N
299,C653,5.633014200000001,2.6997762,2.933238,c1ccc2c(c1)cc1c(c2)ccc2c1ccc1c2cc2c(c1C#N)cccc2
300,C6221,5.8713738,2.5212786,3.3500952,c1cc2c(cc1)c1c(cc2)c2c(c(cc3cc4ccccc4cc23)C#N)cc1
301,C6255,6.0686463,2.2635999,3.8050464000000006,c1(cc2c(cc1)c1c(cc2)ccc2c1c1c(cccc1)c1ccccc21)C#N
302,C63.1,5.6645778,2.759094,2.9054838000000003,c12c(cc3c(c1)cc1c(c3)ccc3c1cc1c(c3)cccc1)cc(cc2)C#N
303,C6343,6.0357222,2.3212851,3.7144371,c1cc2c(cc1)c1c(cc2C#N)c2c(cc1)c1c(cc2)c2c(cccc2)cc1
304,C6316,6.0109611,2.2524438000000004,3.7585173,c1cc2c(cc1)c1c(cc2)c2c(cc1)c1c(ccc3cc(ccc13)C#N)cc2
305,C553,6.0517761,2.3057754,3.7460007000000006,c1(cc2c(cc1)c1cc3c(ccc4ccccc34)cc1cc2)C#N
306,C6198,6.009600600000001,2.2176150000000003,3.7919856,c1cc2c(cc1)c1c(c(c2)C#N)c2c(cc1)c1c(cccc1)c1ccccc21
307,C6213,5.8811694,2.4497163,3.4314531,c1cc2c(cc1)c1cc3c(cc1cc2)c1c(c(c3)C#N)c2c(cccc2)cc1
308,C449,6.056946,2.4668586,3.5900874000000003,c12c(cc3c(c1)c1c(cc3)cccc1)cc(cc2)C#N
309,C554,6.021573,2.1759837,3.8455893,c1c(c2c(cc1)c1cc3c(ccc4ccccc34)cc1cc2)C#N
310,C582,5.8373613,2.4399207,3.3974406,c1cc2cc3c(cc2cc1)c1cc2c(cccc2cc1cc3)C#N
311,C6194,6.0087843,2.1090471,3.8997372,c1cc2c(cc1)c1c(cc2)c2c(cc1)c1c(c(ccc1)C#N)c1ccccc21
312,C412,6.4381581,2.0932653,4.3448928,c1cc2c(cc1)c1c(cccc1)c1c2cccc1C#N
313,C6195,6.0659253,2.0938095000000003,3.9721158,c1cc2c(cc1)c1c(cc2)c2c(cc1)c1c(cccc1)c1c(cccc21)C#N
314,C6306,5.8164096,2.3865891,3.4298205,c1cc2c(cc1)cc1c(c2)c2c(cccc2)c2c1c1c(c(ccc1)C#N)cc2
315,C6259,6.067830000000001,2.0913606,3.9764694,c1cc2c(cc1)c1c(cc2)ccc2c1c1c(cccc1)c1ccc(cc21)C#N
316,C6155,5.937494099999999,2.4303972,3.5070969,c1cc2c(cc1)c1cc3c(ccc4cc5c(cccc5cc34)C#N)cc1cc2
317,C6287,5.6365515,2.3161152,3.3204363,c1cc2c(cc1)c1cc3c(ccc4c3c3c(cccc3C#N)cc4)cc1cc2
318,C442,5.972050800000001,2.3566581,3.6153927,c12c(cc3c(c1)c1c(cc3)ccc(c1)C#N)cccc2
319,C6199,6.0721836,2.1991122,3.8730714,c1c(c2c(cc1)c1c(cc2)c2c(cc1)c1c(cccc1)c1ccccc21)C#N
320,C6197,5.935861500000001,2.1036051,3.832256400000001,c1cc2c(cc1)c1c(cc2)c2c(cc1)c1c(cccc1)c1cccc(c21)C#N
321,C6319,6.0082401,2.2404714,3.7677687,c1c(c2c(cc1)c1c(cc2)c2c(cc1)c1c(ccc3ccccc13)cc2)C#N
322,C62.16,5.2643187000000005,3.0287451,2.2355736,c12c(cc3c(c1C#N)c1c(cc3)cccc1)cc1c(c2)cc2c(c1)cccc2
323,C6282,5.8681086,2.5125714,3.3555372,c1cc2c(cc1)c1cc3c(c(cc4c3c3c(cccc3)cc4)C#N)cc1cc2
324,C524,6.1127265,2.2325805,3.880146,c1cc2c(cc1)c1c(cc2)ccc2c1c1c(c(ccc1)C#N)cc2
325,C674,5.876271600000001,2.3631885,3.5130831,c1(cc2c(cc1)c1c(cc2)c2c(cc1)cc1ccc3ccccc3c1c2)C#N
326,C696,5.9845674,2.2548927,3.7296747,c1cc2c(cc1)c1c(c(c2)C#N)ccc2c1ccc1c2c2ccccc2cc1
327,C6144,5.824844700000001,2.3131221,3.5117226,c1cc2c(cc1)cc1c(ccc3c1cc1ccc4c(ccc(c4)C#N)c1c3)c2
328,C6157,5.9312358000000005,2.4614166,3.4698192000000008,c1cc2c(cc1)c1cc3c(cc(c4cc5ccccc5cc34)C#N)cc1cc2
329,C6186,5.4977805,2.3071359,3.1906446,c1cc2cc3c(cc2cc1)c1c(cc3)c2c(cccc2)c2cccc(c12)C#N
330,C565,6.0822513,2.4967896,3.5854617,c1cc2c(c3c(cc2cc1)c1c(cccc1)c1ccccc31)C#N
331,C688,5.806614000000001,2.5990992,3.2075148,c1cc2cc3c(c(c2cc1)C#N)c1c(cc3)c2c(ccc3ccccc23)cc1
332,C61416,5.7426705,2.4124386,3.3302319,c1cc2c(cc1)cc1c(ccc3c1c(c1ccc4c(cccc4)c1c3)C#N)c2
333,C6315,5.9951793,2.2652325,3.7299468,c1cc2c(cc1)c1c(cc2)c2c(cc1)c1c(ccc3c(cccc13)C#N)cc2
334,C6184,5.7747783,2.5751544,3.1996239,c1(cc2cc3c(cc2cc1)c1c(cc3)c2c(cccc2)c2ccccc12)C#N
335,C445,6.0387153,2.4717564000000003,3.5669588999999995,c12c(cc3c(c1)c1c(c(c3)C#N)cccc1)cccc2
336,C547,5.9622552,2.1319035,3.830351700000001,c1cc2c(cc1)c1c(cc2)c2ccccc2c2c1c(ccc2)C#N
337,C536,5.9951793,2.2018332000000003,3.7933461,c1cc2c(cc1)c1c(cc2)c2c(cc1)c1c(cccc1C#N)cc2
338,C6236,5.7845739,2.4045477,3.3800262,c1cc2c(cc1)c1cc3c(cc1c(c2)C#N)c1c(ccc2c1cccc2)cc3
339,C6412,5.5434933,2.8469823,2.696511,c1c(cc2c(c1)cc1c(c2)cc2c(c1)c1c(cc2)c2c(cc1)cccc2)C#N
340,C6228,5.8215795,2.4799194,3.3416601000000004,c1cc2c(cc1)c1c(cc2)c2c(ccc3cc4ccccc4cc23)cc1C#N
341,C6337,5.9377662,2.3166594,3.6211068,c1cc2c(cc1)c1c(cc2)c2c(cccc2)c2c1ccc1c(cccc21)C#N
342,C642,5.4496188000000005,2.731884,2.717734800000001,c1ccc2c(c1)cc1c(c2)cc2c(c1)c1c(cc2)c2c(c(c1)C#N)cccc2
343,C6338,5.8460685,2.2505391,3.5955294,c1cc2c(cc1)c1c(cc2)c2c(cccc2)c2c1c(cc1ccccc21)C#N
344,C452,5.5609077000000005,2.8861647,2.674743,c1ccc2c(c1)cc1c(c2)cc2c(c1)cc(cc2)C#N
345,C542,6.1325898,2.3740725,3.7585173,c1cc2c(cc1)c1c(cc2C#N)c2ccccc2c2c1cccc2
346,C6289,5.8340961,2.4113502,3.4227459,c1cc2c(cc1)c1cc3c(ccc4c3c3c(c(ccc3)C#N)cc4)cc1cc2
347,C6235,5.8354566000000005,2.4995106,3.3359460000000003,c1cc2c(cc1)c1cc3c(c(c1cc2)C#N)c1c(ccc2c1cccc2)cc3
348,C436,6.0849723,2.2214244,3.8635479,c1ccc2c(c1)c1c(cc2)c2c(cc1)cccc2C#N
349,C5111,5.4071712000000005,2.5193739,2.8877973000000003,c12c(cc3c(c1)c1c(cc3)cccc1C#N)cc1c(c2)cccc1
350,C563,6.0196683,2.2475460000000003,3.7721223,c1cc2cc3c(cc2cc1)c1c(cccc1)c1ccc(cc31)C#N
351,C6223,5.895862800000001,2.6121600000000003,3.2837028000000004,c1cc2c(cc1)c1c(cc2)c2c(ccc3c(c4ccccc4cc23)C#N)cc1
352,C6278,5.670564000000001,2.2932588,3.3773052000000003,c1cc2c(cc1)cc1c(ccc3c1ccc1c3c(cc3c1cccc3)C#N)c2
353,C6203,6.0844281,2.4099897,3.6744384,c1cc2c(cc1)c1cc3c(c(c1cc2)C#N)c1c(cccc1)c1ccccc31
354,C5101,5.6958693,2.2853679,3.4105014,c1ccc2c(c1)cc1c(c2)ccc2c1c(cc1c2cccc1)C#N
355,C6206,5.9992608,2.1003399,3.8989209000000007,c1cc2c(cc1)c1cc3c(cc1cc2)c1c(c(ccc1)C#N)c1ccccc31
356,C6323,5.9981724000000005,2.3079522000000003,3.6902202,c1(cc2c(cc1)c1c(cc2)c2c(c3ccccc13)c1c(cccc1)cc2)C#N
357,C6301,5.817498,2.4769263,3.3405717,c1cc2c(cc1)cc1c(c2C#N)c2c(cccc2)c2c1c1c(cccc1)cc2
358,C584,5.937494099999999,2.4331182,3.5043759,c1cc2cc3c(cc2cc1)c1cc2ccc(cc2cc1cc3)C#N
359,C6257,6.0365385,2.0483688,3.9881697,c1cc2c(cc1)c1c(cc2)ccc2c1c1c(ccc(c1)C#N)c1ccccc21
360,C695,6.0245661,2.3487672,3.6757989,c1cc2c(cc1)c1c(cc2C#N)ccc2c1ccc1c2c2ccccc2cc1
361,C62.7,5.2866309,3.0505131000000003,2.2361178,c12c(c(c3c(c1)c1c(cc3)cccc1)C#N)cc1c(c2)cc2c(c1)cccc2
362,C62.13,5.2523463,2.9925558,2.2597905000000003,c12c(cc3c(c1)c1c(cc3)cccc1)cc1c(c2)cc2c(c1)cccc2C#N
363,C595,5.809335,2.552298,3.257037,c12c(cc3c(c1)c1c(cc3)cc(c3c1cccc3)C#N)cccc2
364,C6291,5.8199469,2.2314921,3.5884548,c1cc2c(cc1)c1c(cc2)c2c(cc1)ccc1c2c(cc2c1cccc2)C#N
365,C51014,5.8161375,2.6260371,3.1901004,c1ccc2c(c1)c(c1c(c2)ccc2c1ccc1c2cccc1)C#N
366,C6265,5.7660711,2.2029216000000003,3.5631495,c1cc2c(cc1)c1c(cc2)c2cc3ccccc3cc2c2c1c(ccc2)C#N
367,C51.14,6.0387153,2.2015611,3.8371542,c1cc2c(cc1)c1c(c(c2)C#N)c2c(ccc3c2cccc3)cc1
368,C6281,5.8836183,2.4581514,3.4254669,c1cc2c(cc1)c1cc3c(cc(c4c3c3c(cccc3)cc4)C#N)cc1cc2
369,C6148,5.9157261,2.4771984,3.4385276999999994,c1cc2c(cc1)cc1c(cc(c3c1cc1ccc4c(cccc4)c1c3)C#N)c2
370,C541,6.0727278,2.2355736,3.8371542,c1cc2c(cc1)c1c(c(c2)C#N)c2ccccc2c2c1cccc2
371,C5126,5.2746585,3.1881957,2.0864628,c1ccc2c(c1)cc1c(c2)cc2c(c1C#N)cc1c(c2)cccc1
372,C62.4,5.2060893,2.881539,2.3245503000000003,c12c(cc3c(c1)c1c(cc3)c(ccc1)C#N)cc1c(c2)cc2c(c1)cccc2
373,C6266,5.8449801,2.3207409,3.5242392,c1cc2c(cc1C#N)c1c(cc2)c2cc3ccccc3cc2c2c1cccc2
374,C6196,6.0795303,2.1090471,3.9704832,c1cc2c(cc1)c1c(cc2)c2c(cc1)c1c(cccc1)c1ccc(cc21)C#N
375,C6192,5.9328684,2.1602019,3.7726665,c1cc2c(cc1)c1c(cc2)c2c(cc1)c1c(cccc1C#N)c1ccccc21
376,C6318,5.9932746,2.2793817,3.7138929,c1cc2c(cc1)c1c(cc2)c2c(c(c1)C#N)c1c(ccc3ccccc13)cc2
377,C532,6.1674186,2.3008776,3.866541,c1cc2c(cc1)c1c(cc2)c2c(cc1)c1c(cccc1)c(c2)C#N
378,C594,5.770968900000001,2.4581514,3.3128175,c12c(cc3c(c1)c1c(cc3)ccc3c1cccc3C#N)cccc2
379,C6325,6.0485109,2.3084964,3.7400145,c1cc2c(cc1)c1c(cc2)c2c(c3ccc(cc13)C#N)c1c(cccc1)cc2
380,C686,5.7279771,2.3895822,3.3383949000000004,c1cc2cc3c(cc2cc1)c1c(cc3)c2c(c(cc3ccccc23)C#N)cc1
381,C561,5.983479000000001,2.1506784,3.832800600000001,c1cc2cc3c(cc2cc1)c1c(cccc1)c1c(cccc31)C#N
382,C6175,6.0047028,2.2992450000000004,3.705457799999999,c1cc2cc3c(cc2cc1)c1c(ccc(c1)C#N)c1cc2c(cccc2)cc31
383,C62.2,5.2098987,2.9022186000000003,2.3076801,c12c(cc3c(c1)c1c(cc3)ccc(c1)C#N)cc1c(c2)cc2c(c1)cccc2
384,C62.9,5.3160177,3.0891513,2.2268664,c12c(cc3c(c1)c1c(cc3)cccc1)cc1c(c2)cc2c(c1C#N)cccc2
385,C571,5.8588572,2.1528552,3.7060020000000007,c1cc2c(c(c1)C#N)c1cc3c(cc1cc2)c1c(cccc1)cc3
386,C51110,5.6354631,2.7977322,2.8377309,c12c(cc3c(c1)c1c(cc3)cccc1)cc1c(c2)ccc(c1)C#N
387,C5115,5.6003622,2.769978,2.8303842,c12c(cc3c(c1)c1c(c(c3)C#N)cccc1)cc1c(c2)cccc1
388,C577,5.997084000000001,2.4535257,3.5435583000000004,c1cc2c(cc1)c1cc3c(c(c1cc2)C#N)c1c(cccc1)cc3
389,C51.7,6.2123151000000005,2.3068638,3.9054513000000006,c1cc2c(cc1)c1c(cc2)c2c(ccc3c2cccc3)c(c1)C#N
390,C6127,5.616960300000001,2.7226326,2.8943277000000003,c1cc2cc3c(cc2cc1)c1c(cc3C#N)ccc2c1cc1ccccc1c2
391,C63.14,5.4205041000000005,2.5629099,2.8575942000000003,c12c(cc3c(c1)cc1c(c3)ccc3c1c(c1c(c3)cccc1)C#N)cccc2
392,C62.12,5.314113,3.036636,2.277477,c12c(cc3c(c1)c1c(cc3)cccc1)cc1c(c2)cc2c(c1)ccc(c2)C#N
393,C51.4,6.197077500000001,2.1925818,4.0044957000000005,c1cc2c(cc1C#N)c1c(cc2)c2c(ccc3c2cccc3)cc1
394,C6125,5.5666218,2.6600496,2.9065722000000003,c1c(c2cc3c(cc2cc1)c1c(cc3)ccc2c1cc1ccccc1c2)C#N
395,C5413,6.0773535,2.2350294,3.8423241,c1cc2c(cc1)c1c(cc2)c2ccc(cc2c2c1cccc2)C#N
396,C585,5.883074100000001,2.4557025,3.4273716000000007,c1cc2cc3c(cc2cc1)c1cc2cccc(c2cc1cc3)C#N
397,C5910,5.8188585,2.5653588000000003,3.2534997000000003,c12c(cc3c(c1)c1c(cc3)ccc3c1cccc3)c(ccc2)C#N
398,C598,5.8213074,2.5724334,3.248874,c12c(cc3c(c1)c1c(cc3C#N)ccc3c1cccc3)cccc2
399,C6258,5.9587179,2.1836025,3.7751153999999993,c1cc2c(cc1)c1c(cc2)ccc2c1c1c(cccc1)c1cccc(c21)C#N
400,C6215,5.8400823,2.5313463,3.308736,c1cc2c(cc1)c1cc3c(c(c1cc2)C#N)c1c(cc3)c2c(cccc2)cc1
401,C661,5.6569590000000005,2.7419517,2.9150073,c1cc2c(cc1)c1cc3c(c4c(ccc5ccccc45)cc3cc1cc2)C#N
402,C4410,6.0536808,2.4742053,3.5794755,c12c(cc3c(c1)c1c(cc3)cccc1)ccc(c2)C#N
403,C5106,5.6849853,2.3903985,3.2945868000000003,c1ccc2c(c1)cc1c(c2)ccc2c1ccc1c2c(ccc1)C#N
404,C6111,5.658047400000001,2.7525636,2.9054838000000003,c1cc2c(cc1)c1cc3cc4c(c(c3cc1cc2)C#N)c1c(cccc1)cc4
405,C6183,5.733147,2.5833174,3.1498296000000003,c1c(c2cc3c(cc2cc1)c1c(cc3)c2c(cccc2)c2ccccc12)C#N
406,C6137,5.6447145,2.7487542,2.8959603,c1c(c2cc3cc4c(cc3cc2cc1)c1c(cccc1)c1ccccc41)C#N
407,C6204,5.910012,2.1561204000000003,3.7538916,c1cc2c(cc1)c1cc3c(cc1cc2)c1c(cccc1C#N)c1ccccc31
408,C685,5.869197000000001,2.5264485000000003,3.3427485000000003,c1(cc2cc3c(cc2cc1)c1c(cc3)c2c(ccc3ccccc23)cc1)C#N
409,C6254,6.0463341,2.2170708,3.8292633,c1c(c2c(cc1)c1c(cc2)ccc2c1c1c(cccc1)c1ccccc21)C#N
410,C6108,5.445809400000001,2.7852156000000003,2.6605938000000005,c12c(cc3c(c1)c1c(cc3C#N)ccc3c1cccc3)cc1c(c2)cccc1
411,C61516,5.7429426,2.3893101,3.3536325,c1cc2c(cc1)c1c(c3c(ccc4cc5ccccc5cc34)cc1cc2)C#N
412,C6411,5.4898896,2.8249422,2.6649474,c1cc(c2c(c1)cc1c(c2)cc2c(c1)c1c(cc2)c2c(cc1)cccc2)C#N
413,C6173,5.9513712000000005,2.4418254,3.5095458,c1cc2cc3c(cc2c(c1)C#N)c1c(cccc1)c1cc2c(cccc2)cc31
414,C535,6.1165359,2.1827862,3.9337497,c1cc2c(cc1)c1c(cc2)c2c(cc1)c1c(ccc(c1)C#N)cc2
415,C6410,5.546214300000001,2.9207214,2.6254929,c1ccc2c(c1)cc1c(c2C#N)cc2c(c1)c1c(cc2)c2c(cc1)cccc2
416,C545,6.1252431000000005,2.2271385,3.8981046,c1cc2c(cc1C#N)c1c(cc2)c2ccccc2c2c1cccc2
417,C51113,5.6253954,2.8663014,2.759094,c12c(cc3c(c1)c1c(cc3)cccc1)cc1c(c2C#N)cccc1
418,C6253,6.1067403,2.3221014,3.7846389,c1cc2c(cc1)c1c(cc2C#N)ccc2c1c1c(cccc1)c1ccccc21
419,C6116,5.6716524,2.6902527000000003,2.9813997,c1cc2c(cc1)c1cc3cc4c(cc3cc1cc2)c1c(cccc1)c(c4)C#N
420,C6131,5.5328814,2.5370604,2.995821,c1cc2cc3cc4c(cc3cc2cc1)c1c(cccc1)c1c(cccc41)C#N
421,C5914,5.7867507,2.5884873,3.1982634,c12c(cc3c(c1C#N)c1c(cc3)ccc3c1cccc3)cccc2
422,C583,5.930691599999999,2.4279483,3.5027433,c1cc2cc3c(cc2cc1)c1cc2cc(ccc2cc1cc3)C#N
423,C451,5.5013178,2.8554174000000003,2.6459004,c1ccc2c(c1)cc1c(c2)cc2c(c1)c(ccc2)C#N
424,C6234,5.864843400000001,2.4894429,3.3754005000000005,c1cc2c(cc1)c1cc3c(cc1cc2)c1c(cc(c2c1cccc2)C#N)cc3
425,C6296,6.0275592,2.3789703,3.6485889,c1cc2c(cc1)c1c(cc2)c2c(c(c1)C#N)ccc1c2ccc2c1cccc2
426,C6149,5.9111004,2.4777426,3.4333578,c1cc2c(cc1)cc1c(c(cc3c1cc1ccc4c(cccc4)c1c3)C#N)c2
427,C62.15,5.3260854,3.1024842,2.2236012,c12c(cc3c(c1)c1c(cc3)cccc1)cc1c(c2C#N)cc2c(c1)cccc2
428,C562,6.0414363,2.3223735,3.719062800000001,c1cc2cc3c(cc2cc1)c1c(cccc1)c1cc(ccc31)C#N
429,C6232,5.895862800000001,2.4665865,3.429276300000001,c1cc2c(cc1)c1cc3c(cc1cc2)c1c(ccc2c1cccc2)c(c3)C#N
430,C6336,5.9706903,2.3193804,3.6513098999999993,c1cc2c(cc1)c1c(cc2)c2c(cccc2)c2c1ccc1cc(ccc21)C#N
431,C5913,5.7606291,2.5354278,3.2252013000000006,c12c(cc3c(c1)c1c(cc3)ccc3c1cccc3)cccc2C#N
432,C446,5.9897373,2.4344787,3.5552586,c12c(cc3c(c1)c1c(cc3C#N)cccc1)cccc2
433,C5118,5.6395446,2.8777296000000003,2.761815,c12c(cc3c(c1)c1c(cc3)cccc1)c(c1c(c2)cccc1)C#N
434,C6207,6.0389874,2.1046935,3.9342939,c1cc2c(cc1)c1cc3c(cc1cc2)c1c(cccc1)c1c(cccc31)C#N
435,C5105,5.7962742,2.3748888,3.4213854,c1ccc2c(c1)cc1c(c2)ccc2c1ccc1c2cc(cc1)C#N
436,C421,6.2136756,2.2244175,3.9892581000000007,c1cc2c(cc1)c1c(c(cc3ccccc13)C#N)cc2
437,C6271,5.8770879,2.5188297,3.3582582,c1cc2c(cc1)cc1c(cc(c3c1ccc1c3ccc3c1cccc3)C#N)c2
438,C6334,5.9666088,2.2195197,3.7470891,c1cc2c(cc1)c1c(cc2)c2c(cc(cc2)C#N)c2c1ccc1ccccc21
439,C425,6.2256480000000005,2.2072752,4.0183728,c1cc2c(cc1)c1c(ccc3ccc(cc13)C#N)cc2
440,C6335,5.8368171,2.2461855,3.590631600000001,c1cc2c(cc1)c1c(cc2)c2c(c(ccc2)C#N)c2c1ccc1ccccc21
441,C5109,5.883074100000001,2.6355606000000003,3.2475135000000006,c1ccc2c(c1)cc1c(c2C#N)ccc2c1ccc1c2cccc1
442,C592,5.7475683,2.408085,3.3394833000000004,c12c(cc3c(c1)c1c(cc3)ccc3c1cc(cc3)C#N)cccc2
443,C6276,5.8360008,2.4494442000000003,3.3865566,c1cc2c(cc1)cc1c(ccc3c1cc(c1c3ccc3c1cccc3)C#N)c2
444,C6171,5.9783091,2.4959733,3.4823357999999995,c1cc2cc3c(cc2cc1)c1c(cccc1)c1c(c2c(cccc2)cc31)C#N
445,C51112,5.5764174,2.7740595,2.8023579000000005,c12c(cc3c(c1)c1c(cc3)cccc1)cc1c(c2)c(ccc1)C#N
446,C6218,5.7154605,2.2023774,3.5130831,c1cc2c(c(c1)C#N)c1cc3c(cc1cc2)c1c(cc3)c2c(cccc2)cc1
447,C422,6.232450500000001,2.3384274,3.894023100000001,c1cc2c(cc1)c1c(cc(c3ccccc13)C#N)cc2
448,C6172,5.8923255,2.1936702,3.6986553,c1cc2cc3c(cc2cc1)c1c(c(ccc1)C#N)c1cc2c(cccc2)cc31
449,C5121,5.1775188000000005,3.0575877,2.1199311,c1ccc2c(c1)cc1c(c2)cc2c(c1)cc1c(c2)cccc1C#N
450,C62.1,5.0942562,2.7795015000000003,2.3147547,c12c(cc3c(c1)c1c(cc3)cccc1C#N)cc1c(c2)cc2c(c1)cccc2
451,C558,6.0101448,2.4230505,3.5870943000000004,c1cc2c(cc1)c1c(c3c(ccc4ccccc34)cc1cc2)C#N
452,C51.8,6.1252431000000005,2.2606068,3.8646363,c1cc2c(cc1)c1c(cc2)c2c(c(cc3c2cccc3)C#N)cc1
453,C6332,5.8928697,2.2780212,3.614848500000001,c1cc2c(cc1)c1c(c(c2)C#N)c2c(cccc2)c2c1ccc1ccccc21
454,C6156,5.9878326,2.555019,3.4328136,c1cc2c(cc1)c1cc3c(ccc4c(c5ccccc5cc34)C#N)cc1cc2
455,C6246,5.9755881,2.2363899000000003,3.7391982,c1cc2c(cc1)c1c3c4c(cccc4)ccc3c3cc(ccc3c1cc2)C#N
456,C6711,5.9064747,2.4595119,3.4469628000000005,c1cc2c(cc1)c1c(cc2)c2c(cc1)cc1cc(c3ccccc3c1c2)C#N
457,C61.1,4.9402476,3.2105079,1.7297397,c1ccc2c(c1)cc1c(c2)cc2c(c1)cc1c(c2)cc2c(c1)c(ccc2)C#N
458,C6341,5.9747718,2.3082243,3.6665475,c1cc2c(cc1)c1c(cc2)c2c(cc1)c1c(cc2C#N)c2c(cccc2)cc1
459,C6305,5.7905601,2.3261829,3.4643772,c1cc2c(cc1)cc1c(c2)c2c(cccc2)c2c1c1c(cccc1)cc2C#N
460,C51.10,6.124971,2.2317642,3.8932068,c1cc2c(cc1)c1c(cc2)c2c(ccc3c2cccc3C#N)cc1
461,C6209,6.0444294,2.4336624,3.610767,c1cc2c(cc1)c1c(c3c(cc1cc2)c1c(cccc1)c1ccccc31)C#N
462,C6243,6.0090564,2.3914869,3.617569500000001,c1cc2c(cc1)c1c3c4c(cccc4)c(cc3c3ccccc3c1cc2)C#N
463,C51114,5.5946481,2.8284795000000003,2.7661686,c12c(cc3c(c1C#N)c1c(cc3)cccc1)cc1c(c2)cccc1
464,C6164,5.7940974,2.2089078,3.5851896,c1cc2c(cc1)c1c(c3ccccc23)c2c(cccc2C#N)c2c1cccc2
465,C557,6.1048356,2.4747495,3.6300861,c1cc2c(cc1)c1cc3c(ccc4ccccc34)c(c1cc2)C#N
466,C6231,5.869197000000001,2.5011432,3.3680538,c1cc2c(cc1)c1cc3c(cc1cc2)c1c(ccc2c1cccc2)cc3C#N
467,C586,5.953820100000001,2.5180134,3.4358067,c1cc2cc3c(cc2cc1)c1cc2ccccc2c(c1cc3)C#N
468,C6256,5.8708296,2.1242847,3.7465449,c1cc2c(cc1)c1c(cc2)ccc2c1c1c(cccc1C#N)c1ccccc21
469,C6273,5.9086515,2.6211393,3.287512200000001,c1cc2c(cc1)cc1c(ccc3c1ccc1c3ccc3c1cccc3)c2C#N
470,C5112,5.5334256,2.6586891,2.8747365000000005,c12c(cc3c(c1)c1c(cc3)ccc(c1)C#N)cc1c(c2)cccc1
471,C61910,6.1162638000000005,2.1917655,3.9244983000000007,c1(cc2c(cc1)c1c(cc2)c2c(cc1)c1c(cccc1)c1ccccc21)C#N
472,C6293,5.9527317,2.2668651,3.6858666,c1cc2c(cc1)c1c(cc2)c2c(cc1)ccc1c2ccc2c1cccc2C#N
473,C6263,5.836545,2.5025037,3.3340413,c1cc2c(cc1)c1c(cc2)c2cc3ccccc3c(c2c2c1cccc2)C#N
474,C6115,5.5976412,2.5280811,3.0695600999999995,c1cc2c(cc1)c1cc3cc4c(cc3cc1cc2)c1c(c(ccc1)C#N)cc4
475,C6261,5.8817136,2.4712122,3.4105014,c1cc2c(cc1)c1c(cc2)c2cc3ccc(cc3cc2c2c1cccc2)C#N
476,C443,5.9891931000000005,2.3746167,3.6145764000000007,c12c(cc3c(c1)c1c(cc3)cc(cc1)C#N)cccc2
477,C5414,5.9407593,2.1925818,3.7481775,c1cc2c(cc1)c1c(cc2)c2c(cccc2c2c1cccc2)C#N
478,C62.8,5.3375136,3.1114635,2.2260501,c12c(cc3c(c1)c1c(cc3)cccc1)c(c1c(c2)cc2c(c1)cccc2)C#N
479,C522,6.084156,2.1547599,3.9293961,c1cc2c(cc1)c1c(cc2)ccc2c1c1c(ccc(c1)C#N)cc2
480,C6191,6.092319,2.2687698,3.8235492,c1cc2c(cc1)c1c(cc2)c2c(c(c1)C#N)c1c(cccc1)c1ccccc21
481,C567,6.130413,2.4260436000000003,3.7043694,c1(cc2cc3c(cc2cc1)c1c(cccc1)c1ccccc31)C#N
482,C5103,5.7668874,2.3958405000000003,3.3710469,c1ccc2c(c1)cc1c(c2)ccc2c1ccc1c2cccc1C#N
483,C667,5.6136951,2.6224998,2.9911953,c1cc2c(cc1)c1cc3cc4c(c(cc5ccccc45)C#N)cc3cc1cc2
484,C564,5.9029374,2.1792489,3.7236885,c1cc2cc3c(cc2cc1)c1c(cccc1)c1cccc(c31)C#N
485,C668,5.6991345,2.7746037,2.9245308,c1cc2c(cc1)c1cc3cc4c(ccc5ccccc45)c(c3cc1cc2)C#N
486,C6113,5.6087973,2.5814127,3.0273846000000004,c1cc2c(cc1)c1cc3cc4c(cc3cc1cc2)c1c(ccc(c1)C#N)cc4
487,C6277,5.7565476,2.2619673,3.4945803,c1cc2c(cc1)cc1c(ccc3c1ccc1c3ccc3c1cc(cc3)C#N)c2
488,C6285,5.6117904,2.1827862,3.4290042000000005,c1cc2c(c(c1)C#N)c1cc3c(ccc4c3c3c(cccc3)cc4)cc1cc2
489,C6245,5.9034816,2.209452,3.6940296,c1cc2c(cc1)c1c3c4c(cccc4)ccc3c3c(cccc3c1cc2)C#N
490,C51010,5.831647200000001,2.5601889,3.2714583000000004,c1cc(c2c(c1)cc1c(c2)ccc2c1ccc1c2cccc1)C#N
491,C544,6.141024900000001,2.2524438000000004,3.8885811,c1(cc2c(cc1)c1c(cc2)c2ccccc2c2c1cccc2)C#N
492,C6262,5.8215795,2.4728448000000003,3.3487347,c1cc2c(cc1)c1c(cc2)c2cc3cccc(c3cc2c2c1cccc2)C#N
493,C6251,6.0626601,2.3199246,3.7427355,c1cc2c(cc1)c1c(cc2)cc(c2c1c1c(cccc1)c1ccccc21)C#N
494,C6272,5.8770879,2.5193739,3.357714,c1cc2c(cc1)cc1c(c(cc3c1ccc1c3ccc3c1cccc3)C#N)c2
495,C599,5.8632108,2.63937,3.2238408,c12c(c(c3c(c1)c1c(cc3)ccc3c1cccc3)C#N)cccc2
496,C6227,5.7440310000000006,2.3623722,3.3816588000000007,c1cc2c(cc1)c1c(cc2C#N)c2c(ccc3cc4ccccc4cc23)cc1
497,C687,5.7464799,2.3180199,3.4284600000000003,c1cc2cc3c(cc2cc1)c1c(cc3)c2c(ccc3cc(ccc23)C#N)cc1
498,C548,6.0817071,2.0685042,4.0132029,c1cc2c(cc1)c1c(cc2)c2ccccc2c2c1cc(cc2)C#N
499,C6267,5.8651155,2.4527094,3.4124061,c1cc2c(cc1)c1c(cc2C#N)c2cc3ccccc3cc2c2c1cccc2
500,C6324,5.9513712000000005,2.2731234,3.6782478,c1cc2c(cc1)c1c(cc2)c2c(c3cccc(c13)C#N)c1c(cccc1)cc2
501,C654,5.584036200000001,2.6273976,2.9566386,c1ccc2c(c1)cc1c(c2)ccc2c1ccc1c2cc2c(c1)c(ccc2)C#N
502,C5102,5.831647200000001,2.5049526,3.3266946,c1ccc2c(c1)cc1c(c2)ccc2c1cc(c1c2cccc1)C#N
503,C6283,5.9040258,2.5479444,3.3560814000000003,c1cc2c(cc1)c1cc3c(ccc4c3c3c(cccc3)cc4)c(c1cc2)C#N
504,C6339,5.9429361,2.2323084,3.7106277,c1(cc2c(cc1)c1c(cc2)c2c(cccc2)c2c1ccc1ccccc21)C#N
505,C6292,5.9965398,2.3599233,3.6366165,c1cc2c(cc1)c1c(cc2)c2c(cc1)ccc1c2cc(c2c1cccc2)C#N
506,C6274,5.8585851,2.5490328,3.3095523,c1c(c2c(cc1)cc1c(ccc3c1ccc1c3ccc3c1cccc3)c2)C#N
507,C6317,5.8014441,2.1999285000000004,3.6015156000000004,c1cc2c(cc1)c1c(cc2)c2c(cc1)c1c(ccc3cccc(c13)C#N)cc2
508,C527,6.1470111,2.3370669,3.8099442,c1cc2c(cc1)c1c(cc2)cc(c2c1c1c(cccc1)cc2)C#N
509,C523,6.1363992000000005,2.2576137000000003,3.8787855,c1cc2c(cc1)c1c(cc2)ccc2c1c1c(cc(cc1)C#N)cc2
510,C6212,5.8885161,2.4796473000000003,3.4088688,c1cc2c(cc1)c1cc3c(cc1cc2)c1c(cc3C#N)c2c(cccc2)cc1
511,C62810,5.8335519,2.3514882,3.4820637000000003,c1cc2c(cc1)c1cc3c(ccc4c3c3c(cccc3)cc4C#N)cc1cc2
512,C677,5.8985838,2.4396486000000004,3.4589352000000004,c1cc2c(cc1)c1c(cc2)c2c(cc1C#N)cc1ccc3ccccc3c1c2
513,C6244,5.9513712000000005,2.2404714,3.7108998,c1cc2c(cc1)c1c3c4c(cccc4)cc(c3c3ccccc3c1cc2)C#N
514,C6226,5.5581867,2.25843,3.2997567,c1cc2c(cc1)c1c(c(c2)C#N)c2c(ccc3cc4ccccc4cc23)cc1
515,C6118,5.6792712,2.7637197,2.9155515,c1cc2c(cc1)c1cc3c(c4c(cc3cc1cc2)c1c(cccc1)cc4)C#N
516,C62.6,5.1984705,2.9103816,2.2880889,c12c(cc3c(c1)c1c(cc3C#N)cccc1)cc1c(c2)cc2c(c1)cccc2
517,C6311,5.9557248,2.331897,3.6238278,c1cc2c(cc1)c1c(cc2)c2c(cc1)c1c(ccc3ccccc13)cc2C#N
518,C6275,5.7094743,2.2380225,3.471451799999999,c1cc2c(cc1)cc1c(ccc3c1c(cc1c3ccc3c1cccc3)C#N)c2
519,C61011,5.4648564,2.8170513,2.6478051,c12c(cc3c(c1)c1c(cc3)ccc3c1cccc3)cc1c(c2)cccc1C#N
520,C4411,5.9959956000000005,2.4848172,3.5111784,c12c(cc3c(c1)c1c(cc3)cccc1)cccc2C#N
521,C62010,6.0746325,2.1844188,3.8902137,c1c(c2c(cc1)c1cc3c(cc1cc2)c1c(cccc1)c1ccccc31)C#N
522,C6716,5.8221237,2.5555632000000004,3.2665605,c1cc2c(cc1)c1c(cc2)c2c(cc1)cc1ccc3ccccc3c1c2C#N
523,C411,6.5391072,2.0968026,4.442304600000001,c1cc2c(cc1)c1c(ccc(c1)C#N)c1c2cccc1
524,C6225,5.7565476,2.3125779,3.4439697000000007,c1cc2c(cc1C#N)c1c(cc2)c2c(ccc3cc4ccccc4cc23)cc1
525,C6242,5.9361336,2.198568,3.7375656,c1cc2c(cc1)c1c3c4c(ccc(c4)C#N)ccc3c3ccccc3c1cc2
526,C6345,5.9132772000000005,2.2167987,3.696478500000001,c1cc2c(cc1)c1c(cc2)c2c(cc1)c1c(cc2)c2c(cccc2)cc1C#N
527,C5117,5.6248512,2.8513359,2.7735153,c12c(c(c3c(c1)c1c(cc3)cccc1)C#N)cc1c(c2)cccc1
528,C6238,5.8770879,2.5182855,3.3588024,c1cc2c(cc1)c1c(c3c(cc1cc2)c1c(ccc2c1cccc2)cc3)C#N
529,C6346,5.9959956000000005,2.1972075,3.7987881,c1cc2c(cc1)c1c(cc2)c2c(cc1)c1c(cc2)c2c(ccc(c2)C#N)cc1
530,C6216,5.8185864,2.4162480000000004,3.4023384,c1cc2c(cc1)c1cc3c(cc1c(c2)C#N)c1c(cc3)c2c(cccc2)cc1
531,C61411,5.8466127000000006,2.4899871,3.3566256000000005,c1c(c2c(cc1)cc1c(ccc3c1cc1ccc4c(cccc4)c1c3)c2)C#N
532,C6344,6.010689,2.2029216000000003,3.8077674,c1cc2c(cc1)c1c(cc2)c2c(cc1)c1c(cc2)c2c(cc(cc2)C#N)cc1
533,C6304,5.6289327,2.3098569,3.3190758,c1cc2c(cc1)cc1c(c2)c2c(cccc2)c2c1c1c(cccc1C#N)cc2
534,C576,6.002526,2.3667258,3.6358002,c1cc2c(cc1)c1cc3c(cc1c(c2)C#N)c1c(cccc1)cc3
535,C6303,5.810967600000001,2.4962454000000003,3.3147222,c1cc2c(cc1)c(c1c(c2)c2c(cccc2)c2c1c1c(cccc1)cc2)C#N
536,C6187,5.617232400000001,2.3512161000000003,3.2660163000000004,c1cc2cc3c(cc2cc1)c1c(cc3)c2c(c(ccc2)C#N)c2ccccc12
537,C6288,5.8482453,2.4094455000000004,3.4387998,c1cc2c(cc1)c1cc3c(ccc4c3c3c(cc(cc3)C#N)cc4)cc1cc2
538,C62.5,5.275746900000001,3.0009909,2.2747560000000004,c12c(cc3c(c1)c1c(c(c3)C#N)cccc1)cc1c(c2)cc2c(c1)cccc2
539,C63.10,5.6672988,2.8388193000000004,2.8284795,c12c(c(c3c(c1)cc1c(c3)ccc3c1cc1c(c3)cccc1)C#N)cccc2
540,C51.9,6.1720443000000005,2.3242782,3.8477661,c1cc2c(cc1)c1c(cc2)c2c(cc(c3c2cccc3)C#N)cc1
541,C6237,5.8172259,2.2753002,3.5419257,c1c(c2c(cc1)c1cc3c(cc1cc2)c1c(ccc2c1cccc2)cc3)C#N
542,C6185,5.697774,2.6282139,3.0695601000000003,c1cc2cc3c(c(c2cc1)C#N)c1c(cc3)c2c(cccc2)c2ccccc12
543,C62.10,5.2547952,2.9955489,2.2592463000000005,c12c(cc3c(c1)c1c(cc3)cccc1)cc1c(c2)cc2c(c1)c(ccc2)C#N
544,C6308,5.8161375,2.3743446,3.4417929,c1cc2c(cc1)cc1c(c2)c2c(ccc(c2)C#N)c2c1c1c(cccc1)cc2
545,C555,6.0882375,2.3961126,3.6921249,c1cc2c(cc1)c1cc3c(ccc4ccccc34)cc1cc2C#N
546,C6163,5.913821400000001,2.108775,3.8050464000000006,c1cc2c(cc1)c1c(c3ccccc23)c2c(ccc(c2)C#N)c2c1cccc2
547,C6201,6.1475553,2.3800587,3.7674966,c1cc2c(cc1)c1cc3c(cc1cc2C#N)c1c(cccc1)c1ccccc31
548,C62.3,5.2360203,2.9384079,2.2976124,c12c(cc3c(c1)c1c(cc3)cc(cc1)C#N)cc1c(c2)cc2c(c1)cccc2
549,C61912,6.0833397,2.3055033000000003,3.7778364,c1cc2c(cc1)c1c(cc2)c2c(cc1C#N)c1c(cccc1)c1ccccc21
550,C6128,5.5938318,2.6467167,2.9471151000000004,c1cc2cc3c(cc2cc1)c1c(c(c3)C#N)ccc2c1cc1ccccc1c2
551,C6117,5.605804200000001,2.6181462,2.987658,c1cc2c(cc1)c1cc3cc4c(cc3cc1cc2)c1c(cccc1)cc4C#N
552,C5116,5.5312488,2.6916132,2.8396356,c12c(cc3c(c1)c1c(cc3C#N)cccc1)cc1c(c2)cccc1
553,C447,6.0523203,2.5716171,3.4807032,c12c(c(c3c(c1)c1c(cc3)cccc1)C#N)cccc2
554,C643,5.3938383,2.642091,2.7517472999999995,c1ccc2c(c1)cc1c(c2)cc2c(c1)c1c(cc2)c2c(cc1)c(ccc2)C#N
555,C426,6.0825234,2.2002006,3.8823228,c1cc2c(cc1)c1c(ccc3cccc(c13)C#N)cc2
556,C525,6.1709559,2.3362506,3.8347053,c1cc2c(cc1)c1c(cc2)ccc2c1c1c(cccc1)c(c2)C#N
557,C63.12,5.537235,2.5947456,2.9424894,c12c(cc3c(c1)cc1c(c3)ccc3c1cc1c(c3)cc(cc1)C#N)cccc2
558,C552,6.0281034,2.2793817,3.7487217,c1cc2c(cc1C#N)c1cc3c(ccc4ccccc34)cc1cc2
559,C6224,5.8547757,2.5427745,3.3120012,c1cc2c(cc1)c1c(cc2)c2c(ccc3cc4c(cccc4cc23)C#N)cc1
560,C6331,5.9750439,2.4040035,3.5710404000000007,c1cc2c(cc1)c1c(cc2C#N)c2c(cccc2)c2c1ccc1ccccc21
561,C5119,5.581587300000001,2.7803178,2.8012695,c12c(cc3c(c1)c1c(cc3)cccc1)cc1c(c2)cccc1C#N
562,C63310,5.916270300000001,2.296524,3.619746300000001,c1c(c2c(cc1)c1c(cc2)c2c(cccc2)c2c1ccc1ccccc21)C#N
563,C6217,5.8953186,2.462505,3.4328136,c1cc2c(cc1)c1cc3c(cc1cc2C#N)c1c(cc3)c2c(cccc2)cc1
564,C6211,5.871918,2.5180134,3.3539046,c1cc2c(cc1)c1c(c3c(cc1cc2)c1c(cc3)c2c(cccc2)cc1)C#N
565,C61.2,5.006095800000001,3.2668326000000003,1.7392632,c1ccc2c(c1)cc1c(c2)cc2c(c1)cc1c(c2)cc2c(c1)cc(cc2)C#N
566,C581,5.8085187,2.5041363000000003,3.3043824,c1cc2cc3c(cc2cc1)c1c(c2ccccc2cc1cc3)C#N
567,C5108,5.855592000000001,2.5506654,3.3049266,c1ccc2c(c1)cc1c(c2)c(cc2c1ccc1c2cccc1)C#N
568,C51.2,6.1625208,2.2195197,3.9430011,c1c(c2c(cc1)c1c(cc2)c2c(ccc3c2cccc3)cc1)C#N
569,C5125,5.2422786,3.1528227,2.0894559,c1ccc2c(c1)cc1c(c2)cc2c(c1)c(c1c(c2)cccc1)C#N
570,C5912,5.8542315,2.5476723000000003,3.3065592,c12c(cc3c(c1)c1c(cc3)ccc3c1cccc3)ccc(c2)C#N
571,C434,6.219117600000001,2.1819699,4.0371477,c1ccc2c(c1)c1c(cc2)c2c(cc1)cc(cc2)C#N
572,C531,6.1143591,2.2622394000000003,3.8521197,c1cc2c(cc1)c1c(cc2)c2c(c(c1)C#N)c1c(cccc1)cc2
573,C6713,5.8702854,2.3708073,3.4994781,c1cc2c(cc1)c1c(cc2)c2c(cc1)cc1ccc3cc(ccc3c1c2)C#N
574,C6147,5.8324635,2.4083571000000004,3.4241064000000003,c1cc2c(cc1)cc1c(ccc3c1cc1ccc4c(cccc4)c1c3C#N)c2
575,C6264,5.7546429,2.168637,3.5860059000000004,c1cc2c(cc1)c1c(cc2)c2cc3ccccc3cc2c2c1cccc2C#N
576,C666,5.675189700000001,2.6872596,2.9879301000000003,c1cc2c(cc1)c1cc3cc4c(cc(c5ccccc45)C#N)cc3cc1cc2
577,C572,5.993818800000001,2.2954356,3.6983832,c1cc2c(cc1C#N)c1cc3c(cc1cc2)c1c(cccc1)cc3
578,C441,5.8400823,2.1895887000000003,3.6504936,c12c(cc3c(c1)c1c(cc3)cccc1C#N)cccc2
579,C533,6.0895980000000005,2.2159824,3.8736156,c1cc2c(cc1)c1c(cc2)c2c(cc1)c1c(c(ccc1)C#N)cc2
580,C691,5.8327356,2.1955749,3.6371607,c1cc2c(c(c1)C#N)c1c(cc2)ccc2c1ccc1c2c2ccccc2cc1
581,C6268,5.751649800000001,2.2733955,3.4782543,c1cc2c(cc1)c1c(c(c2)C#N)c2cc3ccccc3cc2c2c1cccc2
582,C6222,5.8455243,2.5348836,3.3106406999999995,c1cc2c(cc1)c1c(cc2)c2c(cc(c3cc4ccccc4cc23)C#N)cc1
583,C6233,5.8245726,2.3365227,3.4880499,c1cc2c(cc1)c1cc3c(cc1cc2)c1c(c(cc2c1cccc2)C#N)cc3
584,C51.3,6.2003427,2.2091799,3.9911628,c1(cc2c(cc1)c1c(cc2)c2c(ccc3c2cccc3)cc1)C#N
585,C591,5.5649892,2.3452299,3.2197593,c12c(cc3c(c1)c1c(cc3)ccc3c1c(ccc3)C#N)cccc2
586,C683,5.8653876,2.6091669,3.2562207,c1cc2c(c3c(cc2cc1)c1c(cc3)c2c(ccc3ccccc23)cc1)C#N
587,C549,6.0996657,2.2608789,3.8387868,c1cc2c(cc1)c1c(cc2)c2ccccc2c2c1ccc(c2)C#N
588,C6321,5.8904208,2.2698582,3.6205626,c1cc2c(cc1)c1c(c(c2)C#N)c2c(c3ccccc13)c1c(cccc1)cc2
589,C6252,6.112454400000001,2.3857728,3.726681600000001,c1cc2c(cc1)c1c(cc2)c(cc2c1c1c(cccc1)c1ccccc21)C#N
590,C521,5.8994001,2.1683649,3.7310352,c1cc2c(cc1)c1c(cc2)ccc2c1c1c(cccc1C#N)cc2
591,C6161,5.8523268,2.1561204000000003,3.6962064,c1cc2c(cc1)c1c(c3ccccc23)c2c(c(ccc2)C#N)c2c1cccc2
592,C5107,5.8457964,2.5288974,3.3168990000000003,c1ccc2c(c1)cc1c(c2)cc(c2c1ccc1c2cccc1)C#N
593,C6294,5.896407,2.2687698,3.6276372,c1cc2c(cc1)c1c(cc2)c2c(cc1)ccc1c2ccc2c1c(ccc2)C#N
594,C6189,5.5581867,2.3963847,3.161802,c1cc2cc3c(cc2cc1)c1c(cc3)c2c(cccc2C#N)c2ccccc12
595,C63110,6.062388,2.3234619,3.7389261,c1cc2c(cc1)c1c(cc2C#N)c2c(cc1)c1c(ccc3ccccc13)cc2
596,C51011,5.880625200000001,2.5430466000000003,3.3375786,c1c(cc2c(c1)cc1c(c2)ccc2c1ccc1c2cccc1)C#N
597,C61.5,4.9968444000000005,3.2929542,1.7038902,c1ccc2c(c1)cc1c(c2)cc2c(c1)cc1c(c2)cc2c(c1C#N)cccc2
598,C596,5.7679758,2.3982894,3.3696864000000004,c12c(cc3c(c1)c1c(cc3)c(cc3c1cccc3)C#N)cccc2
599,C51013,5.808790800000001,2.5484886,3.2603022000000004,c1ccc2c(c1C#N)cc1c(c2)ccc2c1ccc1c2cccc1
600,C51.5,6.0860607,2.2189755,3.867085200000001,c1cc2c(c(c1)C#N)c1c(cc2)c2c(ccc3c2cccc3)cc1
601,C597,5.8403544,2.5427745,3.2975799,c12c(cc3c(c1)c1c(c(c3)C#N)ccc3c1cccc3)cccc2
602,C681,5.7834855,2.4840009,3.2994846,c1cc2cc3c(cc2cc1)c1c(c(c3)C#N)c2c(ccc3ccccc23)cc1
603,C551,5.883074100000001,2.1629229000000003,3.720151200000001,c1cc2c(c(c1)C#N)c1cc3c(ccc4ccccc34)cc1cc2
604,C6333,5.9761323,2.3302644,3.6458679,c1cc2c(cc1)c1c(cc2)c2c(ccc(c2)C#N)c2c1ccc1ccccc21
605,C574,5.9764044,2.1972075,3.779196900000001,c1cc2c(cc1)c1cc3c(cc1cc2)c1c(c(ccc1)C#N)cc3
606,C455,5.5668939,2.9601759,2.606718,c1ccc2c(c1)cc1c(c2)cc2c(c1C#N)cccc2
607,C6208,5.9260659,2.1661881000000003,3.759877800000001,c1cc2c(cc1)c1cc3c(cc1cc2)c1c(cccc1)c1cccc(c31)C#N
608,C556,6.0376269,2.3710794,3.666547500000001,c1cc2c(cc1)c1cc3c(ccc4ccccc34)cc1c(c2)C#N
609,C6181,5.7263445,2.5593726,3.1669719,c1cc2cc3c(cc2cc1)c1c(c(c3)C#N)c2c(cccc2)c2ccccc12
610,C693,6.0158589000000005,2.2682256,3.747633300000001,c1(cc2c(cc1)c1c(cc2)ccc2c1ccc1c2c2ccccc2cc1)C#N
611,C6710,5.851238400000001,2.4254994,3.4257390000000005,c1cc2c(cc1)c1c(cc2)c2c(cc1)cc1c(cc3ccccc3c1c2)C#N
612,C6193,6.0632043,2.1125844000000003,3.9506199,c1cc2c(cc1)c1c(cc2)c2c(cc1)c1c(ccc(c1)C#N)c1ccccc21
613,C6214,5.844708,2.3163873,3.5283207000000005,c1cc2c(cc1)c1cc3c(cc1cc2)c1c(cc3)c2c(ccc(c2)C#N)cc1
614,C433,6.1777584,2.2361178,3.9416406,c1ccc2c(c1)c1c(cc2)c2c(cc1)c(ccc2)C#N
615,C6286,5.7968184,2.53053,3.2662884000000005,c1cc2c(cc1)c1c(c3c(ccc4c3c3c(cccc3)cc4)cc1cc2)C#N
616,C573,6.0117774,2.2891773,3.7226001,c1(cc2c(cc1)c1cc3c(cc1cc2)c1c(cccc1)cc3)C#N
617,C679,5.927426400000001,2.5392372,3.3881892,c1cc2c(cc1)c1c(cc2)c2c(cc1)c(c1ccc3ccccc3c1c2)C#N
618,C5412,6.0773535,2.2350294,3.8423241,c1cc2c(cc1)c1c(cc2)c2ccc(cc2c2c1cccc2)C#N
619,C6202,6.0969447,2.3463183,3.7506264,c1cc2c(cc1)c1cc3c(cc1c(c2)C#N)c1c(cccc1)c1ccccc31
620,C63.13,5.5429491,2.5626378,2.9803113000000003,c1cc2c(c3c(cc2cc1)c1cc2cc4ccccc4cc2cc1cc3)C#N
621,C6327,5.9981724000000005,2.3079522000000003,3.6902202,c1(cc2c(cc1)c1c(cc2)c2c(c3ccccc13)c1c(cccc1)cc2)C#N
622,C5410,6.0267429,2.1237405,3.903002400000001,c1cc2c(cc1)c1c(cc2)c2ccccc2c2c1cccc2C#N
623,C51012,5.8776321000000005,2.5438629,3.3337692000000003,c1(ccc2c(c1)cc1c(c2)ccc2c1ccc1c2cccc1)C#N
624,C575,6.059667,2.4124386,3.6472284,c1cc2c(cc1)c1cc3c(cc1cc2C#N)c1c(cccc1)cc3
625,C435,6.2063289,2.1920376000000004,4.0142913,c1ccc2c(c1)c1c(cc2)c2c(cc1)ccc(c2)C#N
626,3C44_1,6.8414103,3.3917265,3.4496838000000003,c1(C#N)cc2c(cc1C#N)cc1c(cc(C#N)c3c1cccc3)c2
627,3C44_10,6.7276725,3.4483233,3.2793492,c1c(C#N)c2c(c(C#N)c1)cc1c(c(C#N)cc3c1cccc3)c2
628,3C44_2,6.8003232,3.4085967,3.3917265000000003,c1(C#N)cc2c(cc1)c(C#N)c1c(c(C#N)cc3c1cccc3)c2
629,3C44_3,6.6776061,3.1577205,3.5198855999999994,c1cc2c(c(C#N)c1)cc1c(ccc3c1cc(C#N)cc3C#N)c2
630,3C44_4,6.685497000000001,3.2725467000000004,3.4129503,c1cc2c(cc1)cc1c(cc(C#N)c3c1cc(C#N)c(C#N)c3)c2
631,3C44_5,6.7646781,3.2303712000000004,3.5343069000000003,c1(C#N)cc2c(cc1)cc1c(cc(C#N)c3c1cccc3C#N)c2
632,3C44_6,6.7556988,3.2477856,3.5079132000000004,c1(C#N)cc2c(cc1)cc1c(c(C#N)cc3c1cccc3C#N)c2
633,3C44_7,6.5584263,3.0545946,3.5038317,c1c(C#N)c2c(cc1)cc1c(ccc3c1c(C#N)c(C#N)cc3)c2
634,3C44_8,6.7088976,3.1552716,3.553626,c1(C#N)cc2c(cc1)cc1c(cc(C#N)c3c1c(C#N)ccc3)c2
635,3C44_9,6.7603245,3.3435648,3.4167597000000005,c1c(C#N)c2c(cc1C#N)cc1c(ccc3c1cccc3C#N)c2
636,3C45_1,6.2901357,3.7596057,2.53053,c1(C#N)cc2c(C#N)c3cc4c(cccc4C#N)cc3cc2cc1
637,3C45_10,6.2887752,3.8235492,2.465226,c1cc2cc3cc4c(cc(C#N)c(C#N)c4)c(C#N)c3cc2cc1
638,3C45_2,6.2656467000000005,3.7870878,2.4785589000000003,c1(C#N)c(C#N)c2cc3cc4c(cccc4)c(C#N)c3cc2cc1
639,3C45_3,6.2226549,3.6970227,2.5256322000000004,c1cc2cc3cc4c(ccc(C#N)c4C#N)cc3cc2c(C#N)c1
640,3C45_4,6.369861,3.8132094,2.5566516000000004,c1(C#N)cc2cc3cc4c(ccc(C#N)c4)c(C#N)c3cc2cc1
641,3C45_5,6.246055500000001,3.757701,2.4883545,c1c(C#N)c2cc3cc4c(ccc(C#N)c4)cc3cc2c(C#N)c1
642,3C45_6,6.3538071,3.8915742,2.4622329,c1(C#N)cc2c(C#N)c3cc4c(cccc4)c(C#N)c3cc2cc1
643,3C45_7,6.2139477,3.6858666,2.5280811,c1(C#N)c(C#N)c2cc3cc4c(cccc4C#N)cc3cc2cc1
644,3C45_8,6.293128800000001,3.865180500000001,2.4279483,c1c(C#N)c2cc3c(C#N)c4c(cccc4)c(C#N)c3cc2cc1
645,3C45_9,6.248504400000001,3.7838226,2.4646818000000006,c1c(C#N)c2cc3cc4c(cccc4)c(C#N)c3c(C#N)c2cc1
646,3C511_1,6.1910913,3.4510443,2.740047000000001,c1cc2c(cc1)c(C#N)c1cc3c(ccc4c3ccc(C#N)c4C#N)cc1c2
647,3C511_10,6.2531301,3.6472284,2.6059017,c1c(C#N)c2c(c(C#N)c1)cc1cc3c(cc(C#N)c4c3cccc4)cc1c2
648,3C511_2,6.1208895000000005,3.5460072,2.5748823000000005,c1cc2c(cc1)cc1cc3c(c(C#N)c(C#N)c4c3ccc(C#N)c4)cc1c2
649,3C511_3,6.0607554,3.316899,2.7438564,c1cc2c(cc1)c(C#N)c1cc3c(c(C#N)cc4c3c(C#N)ccc4)cc1c2
650,3C511_4,6.1636092,3.3637002,2.7999090000000004,c1cc2c(c(C#N)c1)cc1cc3c(c(C#N)cc4c3cccc4C#N)cc1c2
651,3C511_5,6.1715001,3.4015221,2.769978,c1c(C#N)c2c(cc1)cc1cc3c(ccc4c3cc(C#N)c(C#N)c4)cc1c2
652,3C511_6,6.1559904,3.3378507,2.8181397,c1cc2c(c(C#N)c1)cc1cc3c(ccc4c3cc(C#N)cc4C#N)cc1c2
653,3C511_7,6.2248317,3.5860059,2.6388258,c1cc2c(cc1)c(C#N)c1cc3c(c(C#N)c(C#N)c4c3cccc4)cc1c2
654,3C511_8,6.2759865,3.6251883,2.6507982,c1(C#N)c(C#N)c2c(cc1)cc1cc3c(cc(C#N)c4c3cccc4)cc1c2
655,3C511_9,6.3029244,3.7103556,2.5925688,c1(C#N)cc2c(cc1C#N)c(C#N)c1cc3c(ccc4c3cccc4)cc1c2
656,3C512_1,5.8362729,3.760422,2.0758509,c1(C#N)cc2cc3cc4cc5c(c(C#N)ccc5)cc4cc3cc2c(C#N)c1
657,3C512_10,5.9260659,3.9136143,2.0124516,c1cc2cc3cc4cc5c(cc(C#N)c(C#N)c5)cc4c(C#N)c3cc2cc1
658,3C512_2,5.8136886,3.8581059,1.9555827,c1cc2cc3cc4cc5c(c(C#N)ccc5)c(C#N)c4c(C#N)c3cc2cc1
659,3C512_3,5.8376334000000005,3.7960671,2.0415663000000004,c1c(C#N)c2cc3cc4cc5c(c(C#N)ccc5)cc4cc3c(C#N)c2cc1
660,3C512_4,5.801172,3.744096,2.057076,c1c(C#N)c2c(C#N)c3cc4cc5c(cccc5C#N)cc4cc3cc2cc1
661,3C512_5,5.8360008,3.7606941,2.0753067,c1(C#N)cc2cc3cc4cc5c(c(C#N)ccc5)cc4cc3cc2c(C#N)c1
662,3C512_6,5.9053863,3.9908907,1.9144956,c1cc2cc3c(C#N)c4cc5c(cccc5)cc4c(C#N)c3cc2c(C#N)c1
663,3C512_7,5.7940974,3.9323892,1.8617082,c1cc2cc3cc4c(C#N)c5c(c(C#N)c(C#N)cc5)cc4cc3cc2cc1
664,3C512_8,5.874639,4.0167402,1.8578988000000003,c1cc2c(C#N)c3cc4cc5c(cccc5)cc4c(C#N)c3c(C#N)c2cc1
665,3C512_9,5.820219000000001,3.8134815,2.0067375000000003,c1c(C#N)c2cc3cc4cc5c(ccc(C#N)c5)cc4cc3cc2c(C#N)c1
666,3C55_1,6.6887622,3.1520064,3.5367558000000003,c1cc2c(cc1)c1cc3c(ccc4c(C#N)c(C#N)ccc34)c(C#N)c1cc2
667,3C55_10,6.665361600000001,3.0265683,3.638793300000001,c1(C#N)cc2c(cc1C#N)c1cc3c(ccc4c(C#N)cccc34)cc1cc2
668,3C55_2,6.582099,2.9756856000000003,3.6064134,c1cc2c(c(C#N)c1)c1cc3c(ccc4cc(C#N)ccc34)cc1c(C#N)c2
669,3C55_3,6.5935272000000005,3.0156843,3.5778429,c1cc2c(c(C#N)c1)c1cc3c(cc(C#N)c4ccc(C#N)cc34)cc1cc2
670,3C55_4,6.678966600000001,3.1560879,3.522878700000001,c1cc2c(cc1C#N)c1cc3c(ccc4ccc(C#N)cc34)cc1c(C#N)c2
671,3C55_5,6.7385565000000005,3.2875122,3.4510443,c1cc2c(cc1)c1cc3c(cc(C#N)c4ccccc34)c(C#N)c1c(C#N)c2
672,3C55_6,6.6871296000000005,3.1416666,3.5454630000000007,c1c(C#N)c2c(cc1)c1cc3c(c(C#N)cc4ccccc34)c(C#N)c1cc2
673,3C55_7,6.7227747,3.0951375000000003,3.6276372,c1(C#N)cc2c(cc1)c1cc3c(c(C#N)cc4ccccc34)cc1c(C#N)c2
674,3C55_8,6.7420938,3.142755,3.5993388000000004,c1c(C#N)c2c(cc1)c1cc3c(ccc4ccc(C#N)cc34)c(C#N)c1cc2
675,3C55_9,6.7026393,3.0499689,3.6526704,c1c(C#N)c2c(cc1)c1cc3c(c(C#N)cc4cc(C#N)ccc34)cc1cc2
676,3C61_1,5.6226744,3.9571503,1.6655240999999996,c1cc2cc3cc4cc5cc6c(cc(C#N)cc6)cc5cc4c(C#N)c3c(C#N)c2cc1
677,3C61_10,5.4425442,3.795795000000001,1.6467491999999997,c1c(C#N)c2cc3cc4cc5cc6c(cccc6C#N)cc5cc4cc3cc2c(C#N)c1
678,3C61_2,5.6741013,3.997149,1.6769522999999995,c1cc2cc3cc4c(C#N)c5cc6c(cc(C#N)cc6)cc5cc4cc3c(C#N)c2cc1
679,3C61_3,5.5516563,3.8586501,1.6930062,c1c(C#N)c2cc3cc4cc5cc6c(c(C#N)ccc6)cc5c(C#N)c4cc3cc2cc1
680,3C61_4,5.5652613,3.9225936,1.6426676999999994,c1c(C#N)c2cc3c(C#N)c4c(C#N)c5cc6c(cccc6)cc5cc4cc3cc2cc1
681,3C61_5,5.5682544,3.8785134,1.6897409999999995,c1(C#N)cc2cc3cc4cc5cc6c(cccc6)c(C#N)c5cc4cc3cc2c(C#N)c1
682,3C61_6,5.5946481,3.9849045,1.6097435999999998,c1cc2cc3c(C#N)c4c(C#N)c5c(C#N)c6c(cccc6)cc5cc4cc3cc2cc1
683,3C61_7,5.6789991,4.100819100000001,1.57818,c1cc2cc3c(C#N)c4cc5cc6c(cc(C#N)cc6)cc5cc4c(C#N)c3cc2cc1
684,3C61_8,5.5440375,3.866541,1.6774964999999995,c1c(C#N)c2c(C#N)c3cc4cc5cc6c(cc(C#N)cc6)cc5cc4cc3cc2cc1
685,3C61_9,5.399008200000001,3.9413685,1.4576397000000003,c1c(C#N)c2cc3cc4cc5cc6c(cccc6)cc5cc4cc3c(C#N)c2c(C#N)c1
686,3C62_1,5.7761388,3.5615169000000004,2.2146219,c1cc2c(c(C#N)c1)cc1cc3cc4c(ccc5c4c(C#N)ccc5)cc3c(C#N)c1c2
687,3C62_10,5.7764109,3.8842275,1.8921834000000008,c1c(C#N)c2c(c(C#N)c1C#N)cc1cc3cc4c(ccc5c4cccc5)cc3cc1c2
688,3C62_2,5.9021211,3.713348700000001,2.1887723999999995,c1c(C#N)c2c(cc1)cc1c(C#N)c3cc4c(ccc5c4ccc(C#N)c5)cc3cc1c2
689,3C62_3,5.8096071,3.6475005,2.1621066,c1cc2c(c(C#N)c1C#N)cc1cc3cc4c(ccc5c4cc(C#N)cc5)cc3cc1c2
690,3C62_4,5.8787205,3.7103556,2.1683649,c1c(C#N)c2c(cc1)cc1cc3cc4c(cc(C#N)c5c4cccc5)c(C#N)c3cc1c2
691,3C62_5,5.9881047,3.8164746,2.1716301,c1cc2c(cc1C#N)cc1cc3cc4c(cc(C#N)c5c4cccc5)cc3c(C#N)c1c2
692,3C62_6,5.8928697,3.6777036,2.2151661,c1cc2c(cc1C#N)cc1cc3cc4c(ccc5c4cc(C#N)cc5)c(C#N)c3cc1c2
693,3C62_7,5.9225286,3.7465449,2.1759837,c1c(C#N)c2c(cc1)cc1cc3cc4c(cc(C#N)c5c4cccc5)cc3c(C#N)c1c2
694,3C62_8,5.7342354,3.6268209,2.1074145000000004,c1cc2c(cc1)cc1cc3cc4c(c(C#N)cc5c4ccc(C#N)c5)c(C#N)c3cc1c2
695,3C62_9,5.880625200000001,3.729946800000001,2.1506784,c1(C#N)c(C#N)c2c(cc1)cc1cc3cc4c(ccc5c4cccc5)c(C#N)c3cc1c2
696,3C71_1,5.396559300000001,3.5783871,1.8181722000000005,c1cc2c(cc1)cc1c(C#N)c3cc4cc5c(ccc6c5c(C#N)c(C#N)cc6)cc4cc3cc1c2
697,3C71_10,5.6855295,4.0711602000000005,1.6143693,c1cc2c(cc1C#N)cc1c(c3cc4cc5c(ccc6c5cccc6)cc4cc3c(c1c2)C#N)C#N
698,3C71_2,5.717365200000001,3.9892581,1.7281071000000003,c1(C#N)cc2c(cc1)cc1cc3c(C#N)c4cc5c(ccc6c5cccc6)cc4cc3c(C#N)c1c2
699,3C71_3,5.698862399999999,4.0085772,1.6902851999999997,c1cc2c(cc1C#N)cc1cc3c(C#N)c4cc5c(ccc6c5cccc6)cc4c(C#N)c3cc1c2
700,3C71_4,5.5102971,3.6502215,1.8600756000000005,c1cc2c(cc1C#N)cc1cc3cc4cc5c(ccc6c5ccc(C#N)c6C#N)cc4cc3cc1c2
701,3C71_5,5.5505679,3.7334841,1.8170838,c1cc2c(c(C#N)c1)cc1cc3cc4cc5c(c(C#N)cc6c5cccc6)cc4c(C#N)c3cc1c2
702,3C71_6,5.459414400000001,3.8104884,1.6489260000000006,c1cc2c(cc1)cc1cc3cc4cc5c(cc(C#N)c6c5cc(C#N)cc6)c(C#N)c4cc3cc1c2
703,3C71_7,5.6855295,4.071432300000001,1.6140971999999996,c1(C#N)cc2c(cc1)cc1c(C#N)c3cc4cc5c(ccc6c5cccc6)cc4cc3c(C#N)c1c2
704,3C71_8,5.654238,3.8632758,1.7909622000000005,c1(C#N)cc2c(cc1)cc1cc3cc4cc5c(ccc6c5ccc(C#N)c6)cc4cc3c(C#N)c1c2
705,3C71_9,5.6545101,3.9378312,1.7166789000000002,c1(C#N)cc2c(cc1C#N)cc1cc3cc4cc5c(ccc6c5cccc6)cc4cc3c(C#N)c1c2
706,3C73_1,5.8596735,3.6347118,2.2249617,c1cc2cc3c(cc2cc1C#N)c1cc2cc4cc5ccccc5c(C#N)c4c(C#N)c2cc1cc3
707,3C73_10,5.8781763,3.7370214,2.1411549000000005,c1cc2cc3c(cc2cc1)c1cc2cc4c(C#N)c5ccccc5c(C#N)c4cc2cc1c(C#N)c3
708,3C73_2,5.6602242,3.3509115,2.3093127000000004,c1cc2cc3c(cc2c(C#N)c1C#N)c1cc2cc4cc5ccccc5c(C#N)c4cc2cc1cc3
709,3C73_3,5.684441100000001,3.3476463,2.3367948000000003,c1cc2cc3c(c(C#N)c2cc1)c1cc2cc4cc5cc(C#N)ccc5cc4cc2cc1c(C#N)c3
710,3C73_4,5.844435900000001,3.6110391,2.2333968000000004,c1cc2cc3c(cc2cc1)c1cc2cc4cc5c(C#N)cccc5c(C#N)c4cc2cc1c(C#N)c3
711,3C73_5,5.8101513,3.5568912000000004,2.2532601,c1cc2cc3c(cc2cc1)c1cc2cc4c(C#N)c5c(C#N)cccc5cc4cc2cc1c(C#N)c3
712,3C73_6,5.9222565000000005,3.7128045,2.2094520000000006,c1cc2cc3c(cc2cc1)c1cc2cc4c(C#N)c5cccc(C#N)c5cc4cc2c(C#N)c1cc3
713,3C73_7,5.8354566000000005,3.64614,2.1893166,c1cc2cc3c(cc2cc1)c1c(C#N)c2cc4cc5c(C#N)c(C#N)ccc5cc4cc2cc1cc3
714,3C73_8,5.7279771,3.4368951,2.291082,c1(C#N)c(C#N)c2cc3c(cc2cc1)c1cc2cc4c(C#N)c5ccccc5cc4cc2cc1cc3
715,3C73_9,5.8768158,3.5598843,2.3169315000000004,c1cc2cc3c(cc2cc1)c1cc2cc4cc5cc(C#N)c(C#N)cc5cc4cc2cc1c(C#N)c3
716,3C77_1,5.9355894000000005,3.640698,2.2948914,c1c(C#N)c2c(cc1)c1cc3cc4c(C#N)c5c(ccc6ccccc56)cc4c(C#N)c3cc1cc2
717,3C77_10,5.7649827,3.3487347,2.4162480000000004,c1cc2c(cc1)c1cc3cc4cc5c(c(C#N)cc6c(C#N)cccc56)cc4cc3cc1c(C#N)c2
718,3C77_2,5.6509728,3.2118684,2.4391044,c1cc2c(c(C#N)c1C#N)c1cc3cc4cc5c(c(C#N)cc6ccccc56)cc4cc3cc1cc2
719,3C77_3,5.8354566000000005,3.5100900000000004,2.3253666,c1c(C#N)c2c(cc1C#N)c1cc3c(C#N)c4cc5c(ccc6ccccc56)cc4cc3cc1cc2
720,3C77_4,5.9029374,3.550905,2.3520324,c1cc2c(cc1)c1cc3cc4cc5c(ccc6cc(C#N)ccc56)cc4c(C#N)c3cc1c(C#N)c2
721,3C77_5,5.7723294,3.5841012,2.1882282,c1cc2c(cc1)c1cc3cc4cc5c(c(C#N)c(C#N)c6cc(C#N)ccc56)cc4cc3cc1cc2
722,3C77_6,5.8572246,3.4983897,2.3588349000000006,c1cc2c(cc1)c1cc3cc4cc5c(ccc6cc(C#N)c(C#N)cc56)cc4cc3c(C#N)c1cc2
723,3C77_7,5.8414428,3.5620611,2.2793817000000005,c1cc2c(cc1C#N)c1cc3cc4cc5c(ccc6ccccc56)cc4c(C#N)c3cc1c(C#N)c2
724,3C77_8,5.6800875,3.2902332000000003,2.3898543,c1cc2c(c(C#N)c1)c1cc3cc4cc5c(ccc6cccc(C#N)c56)cc4c(C#N)c3cc1cc2
725,3C77_9,5.6079810000000005,3.3147222,2.2932588000000003,c1c(C#N)c2c(c(C#N)c1C#N)c1cc3cc4cc5c(ccc6ccccc56)cc4cc3cc1cc2
726,43_1,6.5606031,2.628486,3.9321170999999993,c1c(C#N)c2c(cc1)c1c(cc2)c2c(c(C#N)ccc2)cc1
727,43_2,6.5510796,2.5928409,3.9582387,c1cc2c(cc1)c1c(cc2)c2c(cc(C#N)c(C#N)c2)cc1
728,43_3,6.4112202,2.9892906,3.4219295999999995,c1c(C#N)c2c(c(C#N)c1)c1c(cc2)c2c(cccc2)cc1
729,43_4,6.4036014,2.865213,3.5383884,c1cc2c(cc1)c1c(cc2)c2c(ccc(C#N)c2C#N)cc1
730,43_5,6.5840037,2.6137926000000005,3.9702111,c1c(C#N)c2c(cc1)c1c(cc2)c2c(ccc(C#N)c2)cc1
731,43_6,6.5344815,2.6478051,3.8866764000000007,c1(C#N)cc2c(cc1)c1c(c(C#N)c2)c2c(cccc2)cc1
732,43_7,6.627267600000001,2.5844058,4.0428618,c1cc2c(cc1C#N)c1c(cc2)c2c(cc(C#N)cc2)cc1
733,44_1,6.2144919000000005,2.6633148,3.5511771000000003,c1cc2c(c(C#N)c1)cc1c(ccc3c1c(C#N)ccc3)c2
734,44_2,6.4411512,2.9215377,3.5196135000000006,c1cc2c(cc1C#N)cc1c(c(C#N)cc3c1cccc3)c2
735,44_3,6.3505419,2.8630362,3.4875057000000003,c1cc2c(cc1)cc1c(c(C#N)cc3c1ccc(C#N)c3)c2
736,44_4,6.4261857,2.9498361,3.4763496,c1cc2c(c(C#N)c1)cc1c(cc(C#N)c3c1cccc3)c2
737,44_5,6.4427838,2.8932393,3.5495445000000005,c1(C#N)cc2c(cc1)cc1c(c(C#N)cc3c1cccc3)c2
738,44_6,6.2901357,2.7980043,3.4921313999999994,c1cc2c(cc1)cc1c(ccc3c1cc(C#N)cc3C#N)c2
739,44_7,6.328501800000001,2.9745972000000003,3.3539046000000003,c1cc2c(cc1)cc1c(c(C#N)cc3c1cc(C#N)cc3)c2
740,44_8,6.348093,3.1688766,3.1792164000000005,c1c(C#N)c2c(c(C#N)c1)cc1c(ccc3c1cccc3)c2
741,44_9,6.4036014,2.8091604,3.594441,c1cc2c(cc1C#N)cc1c(ccc3c1cccc3C#N)c2
742,4C44_1,7.081402499999999,3.8249097,3.2564928,c1(C#N)cc2c(c(C#N)c1C#N)cc1c(ccc3c1ccc(C#N)c3)c2
743,4C44_10,7.166025599999999,3.7343004,3.4317252,c1(C#N)cc2c(cc1C#N)cc1c(cc(C#N)c3c1cc(C#N)cc3)c2
744,4C44_2,6.8990955000000005,3.4499559000000004,3.4491396,c1cc2c(c(C#N)c1)cc1c(cc(C#N)c3c1c(C#N)c(C#N)cc3)c2
745,4C44_3,7.1252106,3.8132094,3.3120012,c1(C#N)cc2c(c(C#N)c1)cc1c(c(C#N)c(C#N)c3c1cccc3)c2
746,4C44_4,6.9102516000000005,3.4915872,3.418664400000001,c1c(C#N)c2c(cc1)cc1c(cc(C#N)c3c1c(C#N)ccc3C#N)c2
747,4C44_5,6.931747499999999,3.6654591,3.2662884,c1c(C#N)c2c(cc1)cc1c(c(C#N)c(C#N)c3c1c(C#N)ccc3)c2
748,4C44_6,7.0642602000000005,3.771306,3.2929542000000005,c1cc2c(c(C#N)c1C#N)cc1c(cc(C#N)c3c1cccc3C#N)c2
749,4C44_7,7.0367781,3.9557898,3.0809883,c1(C#N)c(C#N)c2c(c(C#N)c1)cc1c(ccc3c1cccc3C#N)c2
750,4C44_8,7.0971843,3.7941624,3.3030219,c1c(C#N)c2c(cc1)c(C#N)c1c(cc(C#N)c3c1cc(C#N)cc3)c2
751,4C44_9,7.0775931000000005,3.817563,3.2600301000000003,c1(C#N)c(C#N)c2c(cc1)cc1c(c(C#N)c(C#N)c3c1cccc3)c2
752,4C45_1,6.5872689,4.1073495,2.4799194,c1cc2c(C#N)c3cc4c(ccc(C#N)c4C#N)cc3cc2c(C#N)c1
753,4C45_2,6.7050882000000005,4.171293,2.5337952,c1(C#N)cc2cc3cc4c(cc(C#N)c(C#N)c4)cc3c(C#N)c2cc1
754,4C45_3,6.573936000000001,4.1582322000000005,2.4157038,c1(C#N)c(C#N)c2c(C#N)c3cc4c(ccc(C#N)c4)cc3cc2cc1
755,4C45_4,6.5818269,4.1538786,2.4279483,c1cc2c(C#N)c3cc4c(c(C#N)c(C#N)c(C#N)c4)cc3cc2cc1
756,4C45_5,6.617472,4.1367363,2.4807357000000003,c1(C#N)cc2cc3cc4c(c(C#N)ccc4C#N)cc3c(C#N)c2cc1
757,4C45_6,6.6533892,4.241222700000001,2.4121665,c1(C#N)cc2cc3c(C#N)c4c(cccc4)c(C#N)c3cc2c(C#N)c1
758,4C45_7,6.6014181,4.0853094,2.5161087,c1c(C#N)c2cc3cc4c(cc(C#N)c(C#N)c4)cc3cc2c(C#N)c1
759,4C45_8,6.460742400000001,4.261630200000001,2.1991122,c1c(C#N)c2c(C#N)c3cc4c(cccc4)cc3c(C#N)c2c(C#N)c1
760,4C511_1,6.2536743,3.6170253,2.636649,c1cc2c(cc1)cc1cc3c(cc(C#N)c4c3c(C#N)c(C#N)c(C#N)c4)cc1c2
761,4C511_2,6.6471309000000005,4.1283012,2.5188297000000004,c1(C#N)cc2c(cc1)cc1c(C#N)c3c(cc(C#N)c4c3cccc4)c(C#N)c1c2
762,4C511_3,6.373942500000001,3.9076281,2.466314400000001,c1(C#N)c(C#N)c2c(c(C#N)c1)cc1cc3c(ccc4c3c(C#N)ccc4)cc1c2
763,4C511_4,6.4909455000000005,3.9628644,2.5280811000000005,c1c(C#N)c2c(c(C#N)c1)c(C#N)c1cc3c(ccc4c3cccc4C#N)cc1c2
764,4C511_5,6.3872754,3.9892581,2.3980173,c1cc2c(cc1)cc1cc3c(c(C#N)c(C#N)c4c3cc(C#N)cc4)c(C#N)c1c2
765,4C511_6,6.5393793,3.7506264,2.7887529,c1(C#N)cc2c(cc1C#N)cc1cc3c(ccc4c3ccc(C#N)c4C#N)cc1c2
766,4C511_7,6.4313556,3.6880434,2.7433122,c1cc2c(cc1C#N)cc1cc3c(ccc4c3cc(C#N)c(C#N)c4C#N)cc1c2
767,4C511_8,6.5434608,3.8074953,2.7359655000000003,c1c(C#N)c2c(cc1C#N)cc1cc3c(c(C#N)cc4c3cc(C#N)cc4)cc1c2
768,4C511_9,6.5050947,4.0132029000000005,2.4918918,c1c(C#N)c2c(c(C#N)c1C#N)cc1cc3c(c(C#N)cc4c3cccc4)cc1c2
769,4C512_1,6.1421133,4.1892516,1.9528617,c1(C#N)cc2c(C#N)c3cc4cc5c(c(C#N)ccc5)cc4cc3cc2c(C#N)c1
770,4C512_2,6.2381646,4.2918333,1.9463312999999995,c1cc2cc3c(C#N)c4c(C#N)c5c(ccc(C#N)c5)cc4cc3c(C#N)c2cc1
771,4C512_3,6.1837446,4.1636742,2.0200704000000003,c1cc2cc3cc4cc5c(cc(C#N)cc5C#N)cc4c(C#N)c3cc2c(C#N)c1
772,4C512_4,6.1897308,4.2357807,1.9539501,c1cc2cc3c(C#N)c4cc5c(c(C#N)ccc5)c(C#N)c4cc3c(C#N)c2cc1
773,4C512_5,6.1728606,4.318227,1.8546336,c1cc2cc3c(C#N)c4cc5c(ccc(C#N)c5C#N)cc4c(C#N)c3cc2cc1
774,4C512_6,6.1100055,4.078779,2.0312265,c1(C#N)cc2cc3cc4cc5c(c(C#N)ccc5C#N)cc4cc3cc2c(C#N)c1
775,4C512_7,6.2136756,4.1729256,2.0407500000000005,c1c(C#N)c2cc3c(C#N)c4cc5c(cc(C#N)c(C#N)c5)cc4cc3cc2cc1
776,4C512_8,6.201703200000001,4.180816500000001,2.0208867,c1(C#N)cc2cc3c(C#N)c4cc5c(c(C#N)ccc5)cc4cc3cc2c(C#N)c1
777,4C512_9,6.1701396,4.1835375,1.9866021,c1cc2cc3cc4c(C#N)c5c(c(C#N)ccc5)cc4c(C#N)c3cc2c(C#N)c1
778,4C55_1,7.007119200000001,3.5960736,3.411045600000001,c1(C#N)cc2c(cc1)c1cc3c(c(C#N)cc4ccc(C#N)cc34)c(C#N)c1cc2
779,4C55_2,6.9660321000000005,3.7157976,3.250234500000001,c1c(C#N)c2c(cc1)c1cc3c(c(C#N)c(C#N)c4ccc(C#N)cc34)cc1cc2
780,4C55_3,6.862362,3.5111784,3.3511836,c1cc2c(cc1)c1cc3c(c(C#N)c(C#N)c4cccc(C#N)c34)cc1c(C#N)c2
781,4C55_4,7.0016772,3.3634281,3.6382491,c1c(C#N)c2c(cc1)c1cc3c(cc(C#N)c4c(C#N)cccc34)cc1c(C#N)c2
782,4C55_5,7.029975599999999,3.4622004,3.5677752,c1cc2c(cc1)c1cc3c(cc(C#N)c4cc(C#N)c(C#N)cc34)cc1c(C#N)c2
783,4C55_6,6.6484914,3.785999400000001,2.862492,c1cc2c(cc1)c1cc3c(ccc4c(C#N)c(C#N)c(C#N)c(C#N)c34)cc1cc2
784,4C55_7,6.875966999999999,3.7057299,3.1702371,c1cc2c(cc1)c1cc3c(c(C#N)c(C#N)c4c(C#N)cccc34)c(C#N)c1cc2
785,4C55_8,7.053376200000001,3.433902,3.6194742,c1(C#N)cc2c(cc1)c1cc3c(c(C#N)cc4cc(C#N)ccc34)cc1c(C#N)c2
786,4C55_9,7.037322300000001,3.4681866,3.569135700000001,c1(C#N)c(C#N)c2c(cc1)c1cc3c(ccc4cc(C#N)ccc34)c(C#N)c1cc2
787,4C61_1,5.8161375,4.2001356,1.6160019,c1c(C#N)c2cc3cc4cc5c(C#N)c6c(cc(C#N)c(C#N)c6)cc5cc4cc3cc2cc1
788,4C61_10,5.8085187,4.2341481000000005,1.5743706,c1cc2cc3cc4cc5cc6c(cc(C#N)c(C#N)c6C#N)cc5cc4c(C#N)c3cc2cc1
789,4C61_2,5.8506942,4.3008126,1.5498815999999995,c1cc2cc3c(C#N)c4cc5cc6c(cccc6C#N)c(C#N)c5c(C#N)c4cc3cc2cc1
790,4C61_3,5.883074100000001,4.2401343,1.6429398000000006,c1(C#N)cc2cc3cc4cc5cc6c(cc(C#N)cc6)cc5cc4c(C#N)c3cc2c(C#N)c1
791,4C61_4,5.8588572,4.3593141,1.4995431000000006,c1(C#N)cc2cc3cc4cc5c(C#N)c6c(cc(C#N)cc6)c(C#N)c5cc4cc3cc2cc1
792,4C61_5,5.829198300000001,4.2123801,1.6168182,c1cc2cc3cc4cc5cc6c(cc(C#N)cc6)cc5cc4c(C#N)c3c(C#N)c2c(C#N)c1
793,4C61_6,5.8642992,4.2463926,1.6179065999999998,c1(C#N)cc2cc3cc4c(C#N)c5cc6c(c(C#N)c(C#N)cc6)cc5cc4cc3cc2cc1
794,4C61_7,5.8588572,4.2104754,1.6483818000000006,c1cc2c(C#N)c3cc4c(C#N)c5cc6c(cc(C#N)cc6C#N)cc5cc4cc3cc2cc1
795,4C61_8,5.899128,4.2197268,1.6794012,c1(C#N)cc2c(C#N)c3cc4cc5cc6c(cc(C#N)c(C#N)c6)cc5cc4cc3cc2cc1
796,4C61_9,5.8207632,4.2648954,1.5558678000000004,c1c(C#N)c2cc3c(C#N)c4cc5cc6c(cccc6)cc5c(C#N)c4cc3cc2c(C#N)c1
797,4C62_1,6.2340831,4.0613646,2.1727185,c1cc2c(cc1C#N)cc1c(C#N)c3cc4c(cc(C#N)c5c4ccc(C#N)c5)cc3cc1c2
798,4C62_10,5.8925976,3.7840947,2.1085029,c1cc2c(cc1)cc1cc3cc4c(cc(C#N)c5c4cc(C#N)c(C#N)c5C#N)cc3cc1c2
799,4C62_2,6.1913634,4.0338825,2.1574809,c1c(C#N)c2c(cc1C#N)cc1c(C#N)c3cc4c(c(C#N)cc5c4cccc5)cc3cc1c2
800,4C62_3,6.108645,3.9269472,2.1816978,c1c(C#N)c2c(cc1)cc1c(C#N)c3cc4c(ccc5c4cc(C#N)c(C#N)c5)cc3cc1c2
801,4C62_4,5.998444500000001,4.0012305,1.9972140000000007,c1cc2c(cc1)cc1cc3cc4c(cc(C#N)c5c4cc(C#N)c(C#N)c5)c(C#N)c3cc1c2
802,4C62_5,6.0936795,3.9337497,2.1599298000000005,c1c(C#N)c2c(c(C#N)c1)cc1cc3cc4c(cc(C#N)c5c4cc(C#N)cc5)cc3cc1c2
803,4C62_6,6.2114988,4.0292568,2.1822420000000005,c1(C#N)cc2c(cc1C#N)cc1cc3cc4c(c(C#N)cc5c4cccc5)cc3c(C#N)c1c2
804,4C62_7,6.1535415,4.0559226,2.0976189,c1cc2c(c(C#N)c1C#N)cc1cc3c(C#N)c4c(ccc5c4cccc5)c(C#N)c3cc1c2
805,4C62_8,6.1061961,3.9095328,2.1966633,c1c(C#N)c2c(cc1)cc1cc3cc4c(c(C#N)cc5c4ccc(C#N)c5)cc3c(C#N)c1c2
806,4C62_9,6.161704500000001,4.1517018,2.0100027000000007,c1cc2c(cc1)cc1c(C#N)c3cc4c(cc(C#N)c5c4cccc5C#N)cc3c(C#N)c1c2
807,4C72_1,5.882802,4.1214987,1.7613033000000002,c1(C#N)cc2c(cc1C#N)cc1c(C#N)c3cc4cc5c(ccc6c5cc(C#N)cc6)cc4cc3cc1c2
808,4C72_2,5.8297425,4.0586436,1.7710989000000004,c1cc2c(c(C#N)c1C#N)cc1cc3cc4cc5c(ccc6c5cccc6C#N)cc4c(C#N)c3cc1c2
809,4C72_3,5.7769551,3.9655854,1.8113697,c1c(C#N)c2c(cc1)cc1cc3cc4cc5c(ccc6c5ccc(C#N)c6C#N)cc4cc3c(C#N)c1c2
810,4C72_4,5.6583195,4.0692555,1.5890640000000005,c1cc2c(cc1)cc1cc3cc4cc5c(c(C#N)c(C#N)c6c5cc(C#N)cc6)cc4c(C#N)c3cc1c2
811,4C72_5,5.9135493,4.2515625,1.6619868,c1c(C#N)c2c(cc1)cc1c(C#N)c3cc4cc5c(cc(C#N)c6c5cccc6)cc4cc3c(C#N)c1c2
812,4C72_6,5.6561427,3.8542965,1.8018462,c1(C#N)cc2c(cc1)cc1cc3cc4cc5c(ccc6c5c(C#N)ccc6C#N)c(C#N)c4cc3cc1c2
813,4C72_7,5.9905536,4.2553719,1.7351816999999998,c1(C#N)cc2c(cc1)cc1c(C#N)c3cc4cc5c(cc(C#N)c6c5cccc6)cc4c(C#N)c3cc1c2
814,4C72_8,5.8308309000000005,4.127212800000001,1.7036181,c1c(C#N)c2c(c(C#N)c1)cc1cc3cc4cc5c(cc(C#N)c6c5cccc6)cc4cc3c(C#N)c1c2
815,4C72_9,5.9007606,4.227617700000001,1.6731428999999998,c1c(C#N)c2c(cc1)cc1cc3c(C#N)c4cc5c(cc(C#N)c6c5cccc6)cc4c(C#N)c3cc1c2
816,4C73_1,5.9276985,3.6483168,2.2793817,c1cc2cc3c(cc2c(C#N)c1C#N)c1cc2cc4cc5cc(C#N)cc(C#N)c5cc4cc2cc1cc3
817,4C73_2,5.9603505,3.736749300000001,2.2236012,c1(C#N)cc2cc3c(c(C#N)c2cc1)c1cc2cc4cc5c(C#N)cccc5c(C#N)c4cc2cc1cc3
818,4C73_3,6.1361271,4.149525,1.9866021,c1cc2cc3c(cc2cc1)c1cc2c(C#N)c4cc5c(C#N)c(C#N)ccc5c(C#N)c4cc2cc1cc3
819,4C73_4,6.1568067,3.9313008,2.2255059,c1cc2cc3c(cc2cc1C#N)c1c(C#N)c2cc4cc5cc(C#N)ccc5c(C#N)c4cc2cc1cc3
820,4C73_5,6.150004200000001,3.975381000000001,2.1746232,c1cc2cc3c(cc2cc1)c1cc2cc4c(C#N)c5cccc(C#N)c5cc4c(C#N)c2cc1c(C#N)c3
821,4C73_6,5.543765400000001,3.7152534,1.8285120000000004,c1(C#N)cc2c(C#N)c3c(c(C#N)c2cc1C#N)c1cc2cc4cc5ccccc5cc4cc2cc1cc3
822,4C73_7,5.9464734,3.855657,2.0908164000000005,c1cc2cc3c(cc2c(C#N)c1)c1cc2cc4c(C#N)c5c(C#N)c(C#N)ccc5cc4cc2cc1cc3
823,4C73_8,5.9203518,3.5949852,2.3253666,c1(C#N)c(C#N)c2c(C#N)c3c(cc2cc1)c1cc2cc4cc5ccc(C#N)cc5cc4cc2cc1cc3
824,4C77_1,6.1935402,4.0991865,2.0943537,c1(C#N)cc2c(cc1)c1cc3c(C#N)c4cc5c(ccc6ccccc56)cc4c(C#N)c3c(C#N)c1cc2
825,4C77_2,6.061299600000001,3.7590615,2.3022381000000007,c1cc2c(c(C#N)c1)c1cc3cc4cc5c(ccc6cc(C#N)ccc56)c(C#N)c4c(C#N)c3cc1cc2
826,4C77_3,5.9440245,3.6537588,2.2902657,c1(C#N)c(C#N)c2c(c(C#N)c1)c1cc3cc4cc5c(cc(C#N)c6ccccc56)cc4cc3cc1cc2
827,4C77_4,6.043068900000001,3.7541637,2.2889052,c1c(C#N)c2c(cc1C#N)c1cc3cc4cc5c(ccc6ccccc56)c(C#N)c4cc3cc1c(C#N)c2
828,4C77_5,5.9600784,3.6347118,2.3253666,c1(C#N)cc2c(cc1C#N)c1cc3c(C#N)c4cc5c(ccc6cccc(C#N)c56)cc4cc3cc1cc2
829,4C77_6,5.8917813,3.4975734,2.3942079000000005,c1(C#N)cc2c(cc1)c1cc3cc4cc5c(ccc6c(C#N)cc(C#N)c(C#N)c56)cc4cc3cc1cc2
830,4C77_7,6.1633371,4.014835499999999,2.1485016000000003,c1(C#N)cc2c(cc1)c1cc3c(C#N)c4cc5c(ccc6ccccc56)cc4c(C#N)c3cc1c(C#N)c2
831,4C77_8,6.103203000000001,3.8496708,2.2535322,c1cc2c(cc1)c1cc3cc4cc5c(c(C#N)c(C#N)c6cc(C#N)ccc56)cc4cc3c(C#N)c1cc2
832,4C77_9,6.1045635,3.7525311,2.3520324,c1cc2c(cc1)c1cc3cc4cc5c(ccc6c(c(ccc56)C#N)C#N)cc4c(c3cc1c(c2)C#N)C#N
833,511_1,5.944840800000001,3.1220754,2.8227654000000006,c1cc2c(cc1C#N)cc1cc3c(c(C#N)cc4c3cccc4)cc1c2
834,511_10,5.8947744,3.0796278000000004,2.8151466,c1cc2c(c(C#N)c1)cc1cc3c(c(C#N)cc4c3cccc4)cc1c2
835,511_11,5.945385,3.2573091,2.6880759000000003,c1(C#N)cc2c(c(C#N)c1)cc1cc3c(ccc4c3cccc4)cc1c2
836,511_12,6.0213009,3.2698257,2.7514752,c1cc2c(cc1C#N)cc1cc3c(ccc4c3cccc4)c(C#N)c1c2
837,511_2,6.0003492,3.314178,2.6861712,c1(C#N)cc2c(cc1)c(C#N)c1cc3c(ccc4c3cccc4)cc1c2
838,511_3,5.9451129,3.1139124,2.8312005,c1(C#N)cc2c(cc1)cc1cc3c(c(C#N)cc4c3cccc4)cc1c2
839,511_4,5.9407593,3.1041168,2.8366425,c1cc2c(cc1C#N)cc1cc3c(ccc4c3cc(C#N)cc4)cc1c2
840,511_5,5.901849,3.2374458,2.6644032,c1cc2c(c(C#N)c1)c(C#N)c1cc3c(ccc4c3cccc4)cc1c2
841,511_6,5.8857951,3.0627576,2.8230375000000003,c1cc2c(c(C#N)c1)cc1cc3c(ccc4c3cc(C#N)cc4)cc1c2
842,511_7,5.9219844,3.153639,2.7683454,c1cc2c(cc1)c(C#N)c1cc3c(ccc4c3cc(C#N)cc4)cc1c2
843,511_8,5.9056584,3.1054773,2.8001811000000005,c1cc2c(cc1)cc1cc3c(cc(C#N)c4c3ccc(C#N)c4)cc1c2
844,511_9,5.9312358000000005,3.0793557000000003,2.8518801000000003,c1cc2c(cc1C#N)cc1cc3c(ccc4c3cccc4C#N)cc1c2
845,55_1,6.3184341,2.7634476,3.5549865,c1c(C#N)c2c(cc1C#N)c1cc3c(ccc4ccccc34)cc1cc2
846,55_10,6.3257808,2.8197723,3.5060085,c1c(C#N)c2c(cc1)c1cc3c(ccc4ccccc34)cc1c(C#N)c2
847,55_11,6.3445557,3.0399012,3.3046545,c1cc2c(cc1)c1cc3c(c(C#N)c(C#N)c4ccccc34)cc1cc2
848,55_2,6.4631913,2.9824881,3.4807032,c1cc2c(cc1)c1cc3c(cc(C#N)c4ccccc34)c(C#N)c1cc2
849,55_3,6.23109,2.4807357000000003,3.7503543,c1cc2c(c(C#N)c1)c1cc3c(ccc4c(C#N)cccc34)cc1cc2
850,55_4,6.175309500000001,2.9106537,3.2646558000000008,c1c(C#N)c2c(c(C#N)c1)c1cc3c(ccc4ccccc34)cc1cc2
851,55_5,6.444688500000001,2.8627641,3.5819244,c1(C#N)cc2c(cc1)c1cc3c(ccc4ccccc34)c(C#N)c1cc2
852,55_6,6.3878196,2.6902527000000003,3.6975669,c1cc2c(cc1C#N)c1cc3c(c(C#N)cc4ccccc34)cc1cc2
853,55_7,6.3606096,2.7814062,3.5792034,c1(C#N)cc2c(cc1)c1cc3c(ccc4ccccc34)cc1c(C#N)c2
854,55_8,6.3323112,2.9199051000000003,3.412406100000001,c1cc2c(cc1)c1cc3c(c(C#N)cc4ccc(C#N)cc34)cc1cc2
855,55_9,6.4226484,2.8526964,3.569952,c1cc2c(cc1)c1cc3c(ccc4ccc(C#N)cc34)c(C#N)c1cc2
856,62_1,5.6757339,3.5413815,2.1343524000000005,c1cc2c(cc1)c(C#N)c1cc3cc4c(ccc5c4cccc5)cc3c(C#N)c1c2
857,62_10,5.5995459,3.3253341,2.2742118,c1(C#N)cc2c(cc1)cc1cc3cc4c(ccc5c4ccc(C#N)c5)cc3cc1c2
858,62_11,5.6191371000000006,3.4396161,2.1795210000000003,c1c(C#N)c2c(cc1)cc1c(C#N)c3cc4c(ccc5c4cccc5)cc3cc1c2
859,62_12,5.5179159,3.2385342,2.2793817,c1cc2c(c(C#N)c1)cc1cc3cc4c(ccc5c4cc(C#N)cc5)cc3cc1c2
860,62_2,5.5720638,3.3612513,2.2108125,c1cc2c(cc1)cc1c(C#N)c3cc4c(c(C#N)cc5c4cccc5)cc3cc1c2
861,62_3,5.580771,3.420297,2.160474,c1(C#N)cc2c(c(C#N)c1)cc1cc3cc4c(ccc5c4cccc5)cc3cc1c2
862,62_4,5.6373678,3.3743121,2.2630557,c1(C#N)cc2c(cc1)cc1cc3cc4c(cc(C#N)c5c4cccc5)cc3cc1c2
863,62_5,5.5829478,3.4224738,2.160474,c1c(C#N)c2c(cc1C#N)cc1cc3cc4c(ccc5c4cccc5)cc3cc1c2
864,62_6,5.6438982,3.5016549,2.1422433,c1cc2c(cc1)cc1c(C#N)c3cc4c(ccc5c4cccc5)c(C#N)c3cc1c2
865,62_7,5.5200927,3.3179874000000003,2.2021053,c1cc2c(cc1)cc1cc3cc4c(ccc5c4cccc5C#N)c(C#N)c3cc1c2
866,62_8,5.5160112,3.2347248,2.2812864000000004,c1c(C#N)c2c(cc1)cc1cc3cc4c(ccc5c4cccc5C#N)cc3cc1c2
867,62_9,5.569887,3.2866959,2.2831911000000003,c1(C#N)cc2c(cc1)cc1cc3cc4c(c(C#N)cc5c4cccc5)cc3cc1c2
868,72_1,5.3600979,3.5163483,1.8437496,c1cc2c(cc1C#N)cc1cc3cc4cc5c(ccc6c5cccc6)c(C#N)c4cc3cc1c2
869,72_10,5.2371087,3.371319,1.8657897000000003,c1cc2c(c(C#N)c1)cc1cc3cc4cc5c(ccc6c5cc(C#N)cc6)cc4cc3cc1c2
870,72_11,5.2398297,3.3748563000000003,1.8649734,c1c(C#N)c2c(cc1)cc1cc3cc4cc5c(ccc6c5cc(C#N)cc6)cc4cc3cc1c2
871,72_12,5.4273066000000005,3.6774315,1.7498751,c1cc2c(cc1)cc1c(C#N)c3cc4cc5c(ccc6c5cccc6)cc4c(C#N)c3cc1c2
872,72_2,5.2169733,3.3884613000000003,1.8285120000000004,c1cc2c(cc1)cc1cc3cc4cc5c(cc(C#N)c6c5cccc6C#N)cc4cc3cc1c2
873,72_3,5.2907124,3.4472349,1.8434775,c1cc2c(cc1)c(C#N)c1cc3cc4cc5c(ccc6c5cc(C#N)cc6)cc4cc3cc1c2
874,72_4,5.3503023,3.569952,1.7803502999999998,c1cc2c(cc1)cc1cc3c(C#N)c4cc5c(cc(C#N)c6c5cccc6)cc4cc3cc1c2
875,72_5,5.311392000000001,3.4866894000000004,1.8247026000000004,c1cc2c(cc1)cc1c(C#N)c3cc4cc5c(c(C#N)cc6c5cccc6)cc4cc3cc1c2
876,72_6,5.286903000000001,3.4899546000000004,1.7969483999999998,c1cc2c(cc1)cc1cc3c(C#N)c4cc5c(ccc6c5cc(C#N)cc6)cc4cc3cc1c2
877,72_7,5.2969707,3.4249227,1.872048,c1(C#N)cc2c(cc1)cc1cc3cc4cc5c(ccc6c5cccc6C#N)cc4cc3cc1c2
878,72_8,5.2716654,3.4845126000000004,1.7871527999999997,c1cc2c(cc1)cc1cc3cc4cc5c(c(C#N)cc6c5cccc6)cc4c(C#N)c3cc1c2
879,72_9,5.300508,3.5076411,1.7928669000000002,c1cc2c(cc1)cc1cc3cc4cc5c(ccc6c5cc(C#N)cc6)cc4c(C#N)c3cc1c2
880,73_1,5.689611,3.4956687,2.1939423,c1cc2cc3c(cc2cc1)c1cc2cc4c(C#N)c5ccccc5cc4c(C#N)c2cc1cc3
881,73_10,5.523630000000001,3.1928214,2.330808600000001,c1(C#N)cc2cc3c(cc2cc1)c1cc2cc4cc5cccc(C#N)c5cc4cc2cc1cc3
882,73_11,5.507031899999999,3.1661556,2.3408763,c1cc2cc3c(cc2cc1C#N)c1cc2cc4cc5c(C#N)cccc5cc4cc2cc1cc3
883,73_2,5.5715196,3.2785329,2.2929867,c1(C#N)cc2cc3c(cc2cc1)c1cc2cc4c(C#N)c5ccccc5cc4cc2cc1cc3
884,73_3,5.4727473,3.1680603,2.304687,c1cc2cc3c(cc2c(C#N)c1)c1cc2cc4cc5ccccc5c(C#N)c4cc2cc1cc3
885,73_4,5.5851246,3.3073755000000005,2.2777491,c1(C#N)cc2cc3c(cc2cc1)c1cc2cc4cc5ccccc5cc4c(C#N)c2cc1cc3
886,73_5,5.5151949,3.2532276,2.2619673,c1cc2c(C#N)c3c(cc2cc1)c1cc2cc4cc5ccccc5cc4cc2c(C#N)c1cc3
887,73_6,5.5271673,3.1884678,2.3386995,c1cc2c(C#N)c3c(cc2cc1)c1cc2cc4cc5cccc(C#N)c5cc4cc2cc1cc3
888,73_7,5.5764174,3.2358132,2.3406042000000005,c1(C#N)cc2cc3c(cc2cc1)c1cc2cc4cc5ccc(C#N)cc5cc4cc2cc1cc3
889,73_8,5.5682544,3.2627511,2.3055033,c1cc2cc3c(cc2cc1)c1cc2cc4cc5ccccc5c(C#N)c4cc2cc1c(C#N)c3
890,73_9,5.3826822,3.0203100000000003,2.3623722,c1c(C#N)c2cc3c(cc2cc1C#N)c1cc2cc4cc5ccccc5cc4cc2cc1cc3
891,75_1,5.5606356,3.5106342,2.0500014000000006,c1(C#N)cc2c(cc1)c(C#N)c1cc3cc4c(ccc5c4ccc4c5cccc4)cc3cc1c2
892,75_10,5.3742471,3.2344527000000003,2.1397943999999995,c1cc2c(cc1)cc1cc3cc4c(c(C#N)cc5c4ccc4c5ccc(C#N)c4)cc3cc1c2
893,75_11,5.4618633,3.3402996,2.1215637,c1cc2c(cc1)cc1cc3cc4c(ccc5c4ccc4c5ccc(C#N)c4)c(C#N)c3cc1c2
894,75_12,5.463768,3.322341,2.141427,c1cc2c(cc1)cc1c(C#N)c3cc4c(ccc5c4ccc4c5cccc4C#N)cc3cc1c2
895,75_2,5.5494795,3.4292763,2.1202032,c1(C#N)cc2c(cc1C#N)cc1cc3cc4c(ccc5c4ccc4c5cccc4)cc3cc1c2
896,75_3,5.4950595,3.3340413,2.1610182,c1cc2c(cc1)c(C#N)c1cc3cc4c(ccc5c4cc(C#N)c4c5cccc4)cc3cc1c2
897,75_4,5.5489353,3.4709076000000003,2.0780277,c1cc2c(cc1)cc1cc3cc4c(ccc5c4ccc4c5cccc4)c(C#N)c3c(C#N)c1c2
898,75_5,5.3334321,3.1403061,2.193126,c1cc2c(cc1)cc1cc3cc4c(ccc5c4ccc4c5cc(C#N)c(C#N)c4)cc3cc1c2
899,75_6,5.5138344,3.3266946,2.1871398,c1cc2c(cc1C#N)cc1cc3cc4c(c(C#N)cc5c4ccc4c5cccc4)cc3cc1c2
900,75_7,5.523357900000001,3.4368951,2.0864628,c1cc2c(c(C#N)c1)cc1c(C#N)c3cc4c(ccc5c4ccc4c5cccc4)cc3cc1c2
901,75_8,5.5102971,3.3890055,2.1212916,c1cc2c(cc1)cc1cc3cc4c(c(C#N)cc5c4ccc4c5cccc4)cc3c(C#N)c1c2
902,75_9,5.2980591,3.1569042,2.1411549,c1cc2c(cc1)cc1cc3cc4c(ccc5c4ccc4c5ccc(C#N)c4C#N)cc3cc1c2
903,76_1,5.5600914,3.131871,2.4282204000000003,c1cc2c(C#N)c3c(cc2cc1)c1c(cc3C#N)c2cc3cc4ccccc4cc3cc2cc1
904,76_10,5.6858016000000005,3.1710534000000004,2.5147482,c1cc2c(C#N)c3c(cc2cc1)c1c(cc3)c2cc3cc4ccccc4c(C#N)c3cc2cc1
905,76_11,5.602539,3.3299598,2.2725792,c1cc2cc3c(cc2cc1)c1c(cc3)c2cc3cc4c(C#N)c(C#N)ccc4cc3cc2cc1
906,76_12,5.7271608,3.2113242,2.5158366,c1cc2cc3c(cc2cc1)c1c(cc3)c2cc3cc4cc(C#N)ccc4cc3cc2c(C#N)c1
907,76_2,5.6221302,3.1359525,2.4861777,c1(C#N)cc2cc3c(cc2cc1)c1c(cc3)c2cc3cc4ccccc4cc3cc2c(C#N)c1
908,76_3,5.6267559,3.3539046,2.2728513,c1cc2cc3c(cc2cc1)c1c(cc3)c2cc3cc4c(C#N)cccc4c(C#N)c3cc2cc1
909,76_4,5.6338305,3.0891513,2.5446792,c1(C#N)cc2cc3c(cc2cc1)c1c(cc3)c2cc3cc4c(C#N)cccc4cc3cc2cc1
910,76_5,5.6455308,3.3041103,2.3414205,c1cc2cc3c(cc2cc1)c1c(cc3)c2cc3cc4cc(C#N)cc(C#N)c4cc3cc2cc1
911,76_6,5.7179094,3.1759512,2.5419582,c1cc2cc3c(cc2cc1)c1c(cc3C#N)c2cc3cc4cc(C#N)ccc4cc3cc2cc1
912,76_7,5.6365515,3.0774510000000004,2.5591005,c1cc2cc3c(cc2cc1C#N)c1c(cc3)c2cc3cc4cccc(C#N)c4cc3cc2cc1
913,76_8,5.6906994,3.2028891,2.4878103,c1cc2cc3c(cc2cc1)c1c(cc3C#N)c2cc3c(C#N)c4ccccc4cc3cc2cc1
914,76_9,5.543765400000001,3.0872466000000003,2.4565188,c1c(C#N)c2cc3c(cc2cc1)c1c(cc3C#N)c2cc3cc4ccccc4cc3cc2cc1
915,77_1,5.6055321000000005,3.1803048,2.4252273,c1cc2c(cc1C#N)c1cc3cc4cc5c(cc(C#N)c6ccccc56)cc4cc3cc1cc2
916,77_10,5.624034900000001,3.2314596000000004,2.3925753000000003,c1cc2c(cc1)c1cc3cc4cc5c(ccc6ccc(C#N)cc56)cc4cc3c(C#N)c1cc2
917,77_11,5.6485239,3.2970357,2.3514882,c1cc2c(cc1)c1cc3cc4cc5c(ccc6ccc(C#N)cc56)cc4c(C#N)c3cc1cc2
918,77_2,5.664033600000001,3.3718632,2.2921704000000003,c1cc2c(cc1)c1cc3cc4cc5c(ccc6ccccc56)c(C#N)c4c(C#N)c3cc1cc2
919,77_3,5.5353303,3.1748628,2.3604675,c1cc2c(cc1)c1cc3cc4cc5c(c(C#N)cc6cc(C#N)ccc56)cc4cc3cc1cc2
920,77_4,5.4999573,3.1272453,2.372712,c1cc2c(cc1)c1cc3cc4cc5c(c(C#N)cc6c(C#N)cccc56)cc4cc3cc1cc2
921,77_5,5.5176438,3.1079262,2.4097176,c1cc2c(cc1)c1cc3cc4cc5c(ccc6c(C#N)c(C#N)ccc56)cc4cc3cc1cc2
922,77_6,5.5570983,3.257037,2.3000613,c1cc2c(cc1)c1cc3cc4cc5c(c(C#N)cc6ccccc56)c(C#N)c4cc3cc1cc2
923,77_7,5.5693428,3.1239801,2.4453627000000004,c1(C#N)cc2c(cc1)c1cc3cc4cc5c(ccc6ccc(C#N)cc56)cc4cc3cc1cc2
924,77_8,5.6019948,3.1835700000000005,2.4184248,c1cc2c(cc1)c1cc3cc4cc5c(cc(C#N)c6ccccc56)cc4cc3cc1c(C#N)c2
925,77_9,5.6716524,3.3239736000000004,2.3476788,c1cc2c(cc1)c1cc3cc4cc5c(ccc6cc(C#N)ccc56)cc4c(C#N)c3cc1cc2
